chembl_id,smiles,scaffold,activity
CHEMBL3770993,CC(C)n1ncnc1-c1cn2c(n1)-c1ccc(N3CCCC3C(N)=O)cc1OCC2,c1n[nH]c(-c2cn3c(n2)-c2ccc(N4CCCC4)cc2OCC3)n1,10.52
CHEMBL2381382,CC(C)n1nc(N)nc1-c1nc2c(s1)CCOc1cc(-c3cnn(CCO)c3)ccc1-2,c1n[nH]c(-c2nc3c(s2)CCOc2cc(-c4cn[nH]c4)ccc2-3)n1,10.4
CHEMBL2381376,CC(C)n1ncnc1-c1nc2c(s1)CCOc1cc(-c3cnn(CCN)c3)ccc1-2,c1n[nH]c(-c2nc3c(s2)CCOc2cc(-c4cn[nH]c4)ccc2-3)n1,10.22
CHEMBL2381375,CC(C)n1ncnc1-c1nc2c(s1)CCOc1cc(-c3cnn(CS(C)(=O)=O)c3)ccc1-2,c1n[nH]c(-c2nc3c(s2)CCOc2cc(-c4cn[nH]c4)ccc2-3)n1,10.22
CHEMBL2381377,CC(C)n1ncnc1-c1nc2c(s1)CCOc1cc(-c3cnn(C(C)(C)C(N)=O)c3)ccc1-2,c1n[nH]c(-c2nc3c(s2)CCOc2cc(-c4cn[nH]c4)ccc2-3)n1,9.96
CHEMBL2381380,CC(C)n1nc(N)nc1-c1nc2c(s1)CCOc1cc(-c3cnn(CC(C)(C)O)c3)ccc1-2,c1n[nH]c(-c2nc3c(s2)CCOc2cc(-c4cn[nH]c4)ccc2-3)n1,9.89
CHEMBL2381379,CC(C)(O)Cn1cc(-c2ccc3c(c2)OCCc2sc(-c4ncnn4CC(F)(F)F)nc2-3)cn1,c1n[nH]c(-c2nc3c(s2)CCOc2cc(-c4cn[nH]c4)ccc2-3)n1,9.85
CHEMBL2381374,CC(C)n1ncnc1-c1nc2c(s1)CCOc1cc(-c3cnn(CC(C)(C)O)c3)ccc1-2,c1n[nH]c(-c2nc3c(s2)CCOc2cc(-c4cn[nH]c4)ccc2-3)n1,9.82
CHEMBL2381378,Cc1nc(-c2nc3c(s2)CCOc2cc(-c4cnn(CCO)c4)ccc2-3)n(C(C)C)n1,c1n[nH]c(-c2nc3c(s2)CCOc2cc(-c4cn[nH]c4)ccc2-3)n1,9.74
CHEMBL2381373,CC(C)n1ncnc1-c1nc2c(s1)CCOc1cc(-c3cnn(CCO)c3)ccc1-2,c1n[nH]c(-c2nc3c(s2)CCOc2cc(-c4cn[nH]c4)ccc2-3)n1,9.57
CHEMBL3770306,CC(C)n1ncnc1-c1cn2c(n1)-c1ccc(N3CCC3C(N)=O)cc1OCC2,c1n[nH]c(-c2cn3c(n2)-c2ccc(N4CCC4)cc2OCC3)n1,10.0
CHEMBL3639799,CN(C)c1ccc(-c2ccc3ncc4c(c3n2)n(C2CCC(OCCO)CC2)c(=O)n4C)cn1,O=c1[nH]c2cnc3ccc(-c4cccnc4)nc3c2n1C1CCCCC1,9.99
CHEMBL2331658,COc1ccc(-c2ccc3ncc4c(c3n2)n(C2CCC(OCCO)CC2)c(=O)n4C)cn1,O=c1[nH]c2cnc3ccc(-c4cccnc4)nc3c2n1C1CCCCC1,9.3
CHEMBL2331659,COc1ccc(-c2ccc3ncc4c(c3n2)n(C2CCC(O)CC2)c(=O)n4C)cn1,O=c1[nH]c2cnc3ccc(-c4cccnc4)nc3c2n1C1CCCCC1,9.3
CHEMBL3681079,COc1ccc(-c2ccc3ncc4[nH]c(=O)n(C5CCC(O)CC5)c4c3n2)cn1,O=c1[nH]c2cnc3ccc(-c4cccnc4)nc3c2n1C1CCCCC1,9.29
CHEMBL3681078,COc1ccc(-c2ccc3ncc4[nH]c(=O)n(C5CCC(OCCO)CC5)c4c3n2)cn1,O=c1[nH]c2cnc3ccc(-c4cccnc4)nc3c2n1C1CCCCC1,9.19
CHEMBL3681110,Cc1ccc(-c2ccc3ncc4c(c3n2)n(C2CCC(O)CC2)c(=O)n4C)cn1,O=c1[nH]c2cnc3ccc(-c4cccnc4)nc3c2n1C1CCCCC1,8.99
CHEMBL3681094,Cc1ccc(-c2ccc3ncc4c(c3n2)n(C2CCC(OCCO)CC2)c(=O)n4C)cn1,O=c1[nH]c2cnc3ccc(-c4cccnc4)nc3c2n1C1CCCCC1,8.77
CHEMBL2386970,Cc1nc(-c2cn3c(n2)-c2ccc(-c4cnn(C5CN(CCO)C5)c4)cc2OCC3)n(C(C)C)n1,c1n[nH]c(-c2cn3c(n2)-c2ccc(-c4cnn(C5CNC5)c4)cc2OCC3)n1,9.96
CHEMBL2386971,Cc1nc(-c2cn3c(n2)-c2ccc(-c4cnn(C5CN(C(=O)C(C)O)C5)c4)cc2OCC3)n(C(C)C)n1,c1n[nH]c(-c2cn3c(n2)-c2ccc(-c4cnn(C5CNC5)c4)cc2OCC3)n1,9.47
CHEMBL3681175,CC(O)C(=O)N1CCC(n2c(=O)n(C)c3cnc4ccc(-c5cnc6[nH]ncc6c5)nc4c32)CC1,O=c1[nH]c2cnc3ccc(-c4cnc5[nH]ncc5c4)nc3c2n1C1CCNCC1,9.96
CHEMBL3681177,Cn1c(=O)n(C2CCN(C(=O)C(C)(C)O)CC2)c2c3nc(-c4cnc5[nH]ncc5c4)ccc3ncc21,O=c1[nH]c2cnc3ccc(-c4cnc5[nH]ncc5c4)nc3c2n1C1CCNCC1,9.94
CHEMBL3681176,COCC(=O)N1CCC(n2c(=O)n(C)c3cnc4ccc(-c5cnc6[nH]ncc6c5)nc4c32)CC1,O=c1[nH]c2cnc3ccc(-c4cnc5[nH]ncc5c4)nc3c2n1C1CCNCC1,9.78
CHEMBL2331668,CC(=O)N1CCC(n2c(=O)n(C)c3cnc4ccc(-c5cnc6[nH]ncc6c5)nc4c32)CC1,O=c1[nH]c2cnc3ccc(-c4cnc5[nH]ncc5c4)nc3c2n1C1CCNCC1,9.72
CHEMBL3681179,CN1CCC(n2c(=O)n(C)c3cnc4ccc(-c5cnc6[nH]ncc6c5)nc4c32)CC1,O=c1[nH]c2cnc3ccc(-c4cnc5[nH]ncc5c4)nc3c2n1C1CCNCC1,9.55
CHEMBL3681178,Cn1c(=O)n(C2CCN(C(=O)CO)CC2)c2c3nc(-c4cnc5[nH]ncc5c4)ccc3ncc21,O=c1[nH]c2cnc3ccc(-c4cnc5[nH]ncc5c4)nc3c2n1C1CCNCC1,9.49
CHEMBL2387079,CC(C)n1ncnc1-c1cn2c(n1)-c1ccc(-c3cnn(CC(C)(C)O)c3)cc1OCC2,c1n[nH]c(-c2cn3c(n2)-c2ccc(-c4cn[nH]c4)cc2OCC3)n1,9.85
CHEMBL2387086,CC(C)n1ncnc1-c1cn2c(n1)-c1ccc(-c3cnn(CCO)c3)cc1OCC2,c1n[nH]c(-c2cn3c(n2)-c2ccc(-c4cn[nH]c4)cc2OCC3)n1,9.77
CHEMBL2387082,Cc1nc(-c2cn3c(n2)-c2ccc(-c4cnn(C)c4)cc2OCC3)n(C(C)C)n1,c1n[nH]c(-c2cn3c(n2)-c2ccc(-c4cn[nH]c4)cc2OCC3)n1,9.54
CHEMBL2387080,Cc1nc(-c2cn3c(n2)-c2ccc(-c4cnn(C(C)(C)C(N)=O)c4)cc2OCC3)n(C(C)C)n1,c1n[nH]c(-c2cn3c(n2)-c2ccc(-c4cn[nH]c4)cc2OCC3)n1,9.53
CHEMBL2387081,CC(C)n1ncnc1-c1cn2c(n1)-c1ccc(-c3cn[nH]c3)cc1OCC2,c1n[nH]c(-c2cn3c(n2)-c2ccc(-c4cn[nH]c4)cc2OCC3)n1,9.51
CHEMBL2387083,Cc1nc(-c2cn3c(n2)-c2ccc(-c4cnn(CCO)c4)cc2OCC3)n(C(C)C)n1,c1n[nH]c(-c2cn3c(n2)-c2ccc(-c4cn[nH]c4)cc2OCC3)n1,9.4
CHEMBL2387085,Cc1nc(-c2cn3c(n2)-c2ccc(-c4cnn(CCO)c4)cc2OCC3)n(C)n1,c1n[nH]c(-c2cn3c(n2)-c2ccc(-c4cn[nH]c4)cc2OCC3)n1,8.55
CHEMBL2387084,Cc1n[nH]c(-c2cn3c(n2)-c2ccc(-c4cnn(CCO)c4)cc2OCC3)n1,c1n[nH]c(-c2cn3c(n2)-c2ccc(-c4cn[nH]c4)cc2OCC3)n1,7.68
CHEMBL3681182,Cn1c(=O)n(C2CCC(O)CC2)c2c3nc(-c4ccc5[nH]ncc5c4)ccc3ncc21,O=c1[nH]c2cnc3ccc(-c4ccc5[nH]ncc5c4)nc3c2n1C1CCCCC1,9.84
CHEMBL2381381,CC(C)n1c(-c2nc3c(s2)CCOc2cc(-c4cnn(CC(C)(C)O)c4)ccc2-3)n[nH]c1=O,O=c1[nH]nc(-c2nc3c(s2)CCOc2cc(-c4cn[nH]c4)ccc2-3)[nH]1,9.74
CHEMBL3770325,CC(C)n1ncnc1-c1cn2c(n1)-c1cnc(N(C)CC(N)=O)cc1OCC2,c1cc2c(cn1)-c1nc(-c3ncn[nH]3)cn1CCO2,9.7
CHEMBL3769966,CC(C)n1ncnc1-c1cn2c(n1)-c1cnc(OCC(N)=O)cc1OCC2,c1cc2c(cn1)-c1nc(-c3ncn[nH]3)cn1CCO2,9.05
CHEMBL3770824,CC(Oc1cc2c(cn1)-c1nc(-c3ncnn3C(C)C)cn1CCO2)C(N)=O,c1cc2c(cn1)-c1nc(-c3ncn[nH]3)cn1CCO2,9.0
CHEMBL3770630,CC(C)n1ncnc1-c1cn2c(n1)-c1cnc(N)cc1OCC2,c1cc2c(cn1)-c1nc(-c3ncn[nH]3)cn1CCO2,8.92
CHEMBL3769972,CC(C)n1ncnc1-c1cn2c(n1)-c1cnc(OC(C)(C)C(N)=O)cc1OCC2,c1cc2c(cn1)-c1nc(-c3ncn[nH]3)cn1CCO2,8.51
CHEMBL3770615,COc1cc2c(cn1)-c1nc(-c3ncnn3C(C)C)cn1CCO2,c1cc2c(cn1)-c1nc(-c3ncn[nH]3)cn1CCO2,8.44
CHEMBL3681165,CC(=O)N1CCC(n2c(=O)n(C)c3cnc4ccc(-c5ccc(N)nc5)nc4c32)CC1,O=c1[nH]c2cnc3ccc(-c4cccnc4)nc3c2n1C1CCNCC1,9.6
CHEMBL3681135,CN(C)c1ccc(-c2ccc3ncc4c(c3n2)n(C2CCN(C(=O)C(C)(C)O)CC2)c(=O)n4C)cn1,O=c1[nH]c2cnc3ccc(-c4cccnc4)nc3c2n1C1CCNCC1,9.58
CHEMBL3681131,CN(C)c1ccc(-c2ccc3ncc4c(c3n2)n(C2CCN(C(=O)C(C)(C)C)CC2)c(=O)n4C)cn1,O=c1[nH]c2cnc3ccc(-c4cccnc4)nc3c2n1C1CCNCC1,9.55
CHEMBL3681111,Cc1ccc(-c2ccc3ncc4c(c3n2)n(C2CCN(C(=O)CN)CC2)c(=O)n4C)cn1,O=c1[nH]c2cnc3ccc(-c4cccnc4)nc3c2n1C1CCNCC1,9.49
CHEMBL3681082,COc1ccc(-c2ccc3ncc4c(c3n2)n(C2CCN(CC(N)=O)CC2)c(=O)n4C)cn1,O=c1[nH]c2cnc3ccc(-c4cccnc4)nc3c2n1C1CCNCC1,9.47
CHEMBL3681121,CC(=O)N1CCC(n2c(=O)n(C)c3cnc4ccc(-c5ccc(N(C)C)nc5)nc4c32)CC1,O=c1[nH]c2cnc3ccc(-c4cccnc4)nc3c2n1C1CCNCC1,9.41
CHEMBL3681140,CC(O)C(=O)N1CCC(n2c(=O)n(C)c3cnc4ccc(-c5ccc(N(C)C)nc5)nc4c32)CC1,O=c1[nH]c2cnc3ccc(-c4cccnc4)nc3c2n1C1CCNCC1,9.4
CHEMBL2331661,COc1ccc(-c2ccc3ncc4c(c3n2)n(C2CCN(C(C)=O)CC2)c(=O)n4C)cn1,O=c1[nH]c2cnc3ccc(-c4cccnc4)nc3c2n1C1CCNCC1,9.32
CHEMBL2331664,Cc1ccc(-c2ccc3ncc4c(c3n2)n(C2CCN(C(=O)C(C)O)CC2)c(=O)n4C)cn1,O=c1[nH]c2cnc3ccc(-c4cccnc4)nc3c2n1C1CCNCC1,9.31
CHEMBL3681119,CN(C)c1ccc(-c2ccc3ncc4c(c3n2)n(C2CCNCC2)c(=O)n4C)cn1,O=c1[nH]c2cnc3ccc(-c4cccnc4)nc3c2n1C1CCNCC1,9.3
CHEMBL3681142,CN(C)c1ccc(-c2ccc3ncc4c(c3n2)n(C2CCN(C(=O)CO)CC2)c(=O)n4C)cn1,O=c1[nH]c2cnc3ccc(-c4cccnc4)nc3c2n1C1CCNCC1,9.3
CHEMBL2331663,Cc1ccc(-c2ccc3ncc4c(c3n2)n(C2CCN(C(=O)CO)CC2)c(=O)n4C)cn1,O=c1[nH]c2cnc3ccc(-c4cccnc4)nc3c2n1C1CCNCC1,9.27
CHEMBL3681122,CNC(=O)N1CCC(n2c(=O)n(C)c3cnc4ccc(-c5ccc(N(C)C)nc5)nc4c32)CC1,O=c1[nH]c2cnc3ccc(-c4cccnc4)nc3c2n1C1CCNCC1,9.12
CHEMBL3681132,COCCN1CCC(n2c(=O)n(C)c3cnc4ccc(-c5ccc(N(C)C)nc5)nc4c32)CC1,O=c1[nH]c2cnc3ccc(-c4cccnc4)nc3c2n1C1CCNCC1,9.1
CHEMBL3681108,Cc1ccc(-c2ccc3ncc4c(c3n2)n(C2CCN(CC(N)=O)CC2)c(=O)n4C)cn1,O=c1[nH]c2cnc3ccc(-c4cccnc4)nc3c2n1C1CCNCC1,9.05
CHEMBL2331666,COCC(=O)N1CCC(n2c(=O)n(C)c3cnc4ccc(-c5ccc(C)nc5)nc4c32)CC1,O=c1[nH]c2cnc3ccc(-c4cccnc4)nc3c2n1C1CCNCC1,9.04
CHEMBL3681123,CN(C)c1ccc(-c2ccc3ncc4c(c3n2)n(C2CCN(C(N)=O)CC2)c(=O)n4C)cn1,O=c1[nH]c2cnc3ccc(-c4cccnc4)nc3c2n1C1CCNCC1,8.98
CHEMBL3681085,CNC(=O)N1CCC(n2c(=O)n(C)c3cnc4ccc(-c5ccc(OC)nc5)nc4c32)CC1,O=c1[nH]c2cnc3ccc(-c4cccnc4)nc3c2n1C1CCNCC1,8.94
CHEMBL3681102,Cc1ccc(-c2ccc3ncc4c(c3n2)n(C2CCN(CCO)CC2)c(=O)n4C)cn1,O=c1[nH]c2cnc3ccc(-c4cccnc4)nc3c2n1C1CCNCC1,8.75
CHEMBL2331662,CC(=O)N1CCC(n2c(=O)n(C)c3cnc4ccc(-c5ccc(C)nc5)nc4c32)CC1,O=c1[nH]c2cnc3ccc(-c4cccnc4)nc3c2n1C1CCNCC1,8.71
CHEMBL3681087,CN(C)CC(=O)N1CCC(n2c(=O)n(C)c3cnc4ccc(-c5ccc(N(C)C)nc5)nc4c32)CC1,O=c1[nH]c2cnc3ccc(-c4cccnc4)nc3c2n1C1CCNCC1,8.68
CHEMBL3681081,COc1ccc(-c2ccc3ncc4c(c3n2)n(C2CCN(C(=O)CN(C)C)CC2)c(=O)n4C)cn1,O=c1[nH]c2cnc3ccc(-c4cccnc4)nc3c2n1C1CCNCC1,8.65
CHEMBL3681124,CN(C)c1ccc(-c2ccc3ncc4c(c3n2)n(C2CCN(CCO)CC2)c(=O)n4C)cn1,O=c1[nH]c2cnc3ccc(-c4cccnc4)nc3c2n1C1CCNCC1,8.5
CHEMBL3681112,Cc1ccc(-c2ccc3ncc4c(c3n2)n(C2CCN(C(=O)NN)CC2)c(=O)n4C)cn1,O=c1[nH]c2cnc3ccc(-c4cccnc4)nc3c2n1C1CCNCC1,8.49
CHEMBL3681080,COc1ccc(-c2ccc3ncc4c(c3n2)n(C2CCN(C(C)C)CC2)c(=O)n4C)cn1,O=c1[nH]c2cnc3ccc(-c4cccnc4)nc3c2n1C1CCNCC1,8.46
CHEMBL2331665,Cc1ccc(-c2ccc3ncc4c(c3n2)n(C2CCN(C(=O)C(C)(C)O)CC2)c(=O)n4C)cn1,O=c1[nH]c2cnc3ccc(-c4cccnc4)nc3c2n1C1CCNCC1,8.41
CHEMBL3681109,Cc1ccc(-c2ccc3ncc4c(c3n2)n(C2CCN(C(=O)CN(C)C)CC2)c(=O)n4C)cn1,O=c1[nH]c2cnc3ccc(-c4cccnc4)nc3c2n1C1CCNCC1,8.39
CHEMBL3681106,Cc1ccc(-c2ccc3ncc4c(c3n2)n(C2CCN(C)CC2)c(=O)n4C)cn1,O=c1[nH]c2cnc3ccc(-c4cccnc4)nc3c2n1C1CCNCC1,8.37
CHEMBL3681092,CN(C)c1ccc(-c2ccc3ncc4c(c3n2)n(C2CCN(CC(F)(F)F)CC2)c(=O)n4C)cn1,O=c1[nH]c2cnc3ccc(-c4cccnc4)nc3c2n1C1CCNCC1,8.06
CHEMBL3681133,CN1CCC(n2c(=O)n(C)c3cnc4ccc(-c5ccc(N(C)C)nc5)nc4c32)CC1,O=c1[nH]c2cnc3ccc(-c4cccnc4)nc3c2n1C1CCNCC1,7.57
CHEMBL3681154,Cn1c(=O)n(C2CCC(O)CC2)c2c3nc(-c4cnc(N)nc4)ccc3ncc21,O=c1[nH]c2cnc3ccc(-c4cncnc4)nc3c2n1C1CCCCC1,9.56
CHEMBL3681104,COc1ncc(-c2ccc3ncc4c(c3n2)n(C2CCC(O)CC2)c(=O)n4C)cn1,O=c1[nH]c2cnc3ccc(-c4cncnc4)nc3c2n1C1CCCCC1,9.01
CHEMBL3681091,COc1ncc(-c2ccc3ncc4c(c3n2)n(C2CCC(OCCO)CC2)c(=O)n4C)cn1,O=c1[nH]c2cnc3ccc(-c4cncnc4)nc3c2n1C1CCCCC1,8.68
CHEMBL3681096,COc1ncc(-c2ccc3ncc4c(c3n2)n(C2CCC(C(N)=O)CC2)c(=O)n4C)cn1,O=c1[nH]c2cnc3ccc(-c4cncnc4)nc3c2n1C1CCCCC1,8.52
CHEMBL3681130,CN(C)c1ccc(-c2ccc3ncc4c(c3n2)n(C2CCOCC2)c(=O)n4C)cn1,O=c1[nH]c2cnc3ccc(-c4cccnc4)nc3c2n1C1CCOCC1,9.53
CHEMBL3681083,COc1ccc(-c2ccc3ncc4c(c3n2)n(C2CCOCC2)c(=O)n4C)cn1,O=c1[nH]c2cnc3ccc(-c4cccnc4)nc3c2n1C1CCOCC1,9.18
CHEMBL3681126,Cc1ccc(-c2ccc3ncc4c(c3n2)n(C2CCOCC2)c(=O)n4C)cn1,O=c1[nH]c2cnc3ccc(-c4cccnc4)nc3c2n1C1CCOCC1,8.95
CHEMBL3681144,Cc1ccc(-c2ccc3ncc4c(c3n2)n(C2CCOCC2)c(=O)n4CCO)cn1,O=c1[nH]c2cnc3ccc(-c4cccnc4)nc3c2n1C1CCOCC1,7.34
CHEMBL3681145,COc1ccc(-c2ccc3ncc4c(c3n2)n(C2CCOCC2)c(=O)n4CCO)cn1,O=c1[nH]c2cnc3ccc(-c4cccnc4)nc3c2n1C1CCOCC1,7.12
CHEMBL3681148,CN(C)c1ccc(-c2ccc3ncc4c(c3n2)n(C2CCOCC2)c(=O)n4CCO)cn1,O=c1[nH]c2cnc3ccc(-c4cccnc4)nc3c2n1C1CCOCC1,6.5
CHEMBL2386972,Cc1nc(-c2cn3c(n2)-c2ccc(-c4cnn(CCN5CCOCC5)c4)cc2OCC3)n(C(C)C)n1,c1n[nH]c(-c2cn3c(n2)-c2ccc(-c4cnn(CCN5CCOCC5)c4)cc2OCC3)n1,9.52
CHEMBL3770140,CC(C)n1ncnc1-c1cn2c(n1)-c1ccc(OCC(N)=O)cc1OCC2,c1ccc2c(c1)OCCn1cc(-c3ncn[nH]3)nc1-2,9.52
CHEMBL3769854,CCC(Oc1ccc2c(c1)OCCn1cc(-c3ncnn3C(C)C)nc1-2)C(N)=O,c1ccc2c(c1)OCCn1cc(-c3ncn[nH]3)nc1-2,9.3
CHEMBL3770717,CC(C)n1ncnc1-c1cn2c(n1)-c1ccc(N3CCCCC3C(N)=O)cc1OCC2,c1n[nH]c(-c2cn3c(n2)-c2ccc(N4CCCCC4)cc2OCC3)n1,9.52
CHEMBL3681183,Cn1c(=O)n(C2CCC(O)CC2)c2c3nc(-c4cnc5[nH]ncc5c4)ccc3ncc21,O=c1[nH]c2cnc3ccc(-c4cnc5[nH]ncc5c4)nc3c2n1C1CCCCC1,9.44
CHEMBL2381279,CC(C)n1ncnc1-c1nc2c(s1)CCOc1cc(C3CN(C(C)(C)C(N)=O)C3)ccc1-2,c1n[nH]c(-c2nc3c(s2)CCOc2cc(C4CNC4)ccc2-3)n1,9.33
CHEMBL2381277,CC(C)n1ncnc1-c1nc2c(s1)CCOc1cc(C3CN(C(=O)CO)C3)ccc1-2,c1n[nH]c(-c2nc3c(s2)CCOc2cc(C4CNC4)ccc2-3)n1,9.21
CHEMBL2381275,CC(C)n1ncnc1-c1nc2c(s1)CCOc1cc(C3CN(CC(O)CO)C3)ccc1-2,c1n[nH]c(-c2nc3c(s2)CCOc2cc(C4CNC4)ccc2-3)n1,9.16
CHEMBL2381276,CC(C)n1ncnc1-c1nc2c(s1)CCOc1cc(C3CN(CC(C)(C)O)C3)ccc1-2,c1n[nH]c(-c2nc3c(s2)CCOc2cc(C4CNC4)ccc2-3)n1,9.05
CHEMBL2381278,CC(C)n1ncnc1-c1nc2c(s1)CCOc1cc(C3CN(C(=O)C(C)(C)N)C3)ccc1-2,c1n[nH]c(-c2nc3c(s2)CCOc2cc(C4CNC4)ccc2-3)n1,9.03
CHEMBL2381274,CC(C)n1ncnc1-c1nc2c(s1)CCOc1cc(C3CN(CCO)C3)ccc1-2,c1n[nH]c(-c2nc3c(s2)CCOc2cc(C4CNC4)ccc2-3)n1,8.72
CHEMBL2331667,CC(=O)N1CCC(n2c(=O)n(C)c3cnc4ccc(-c5cccc6[nH]ncc56)nc4c32)CC1,O=c1[nH]c2cnc3ccc(-c4cccc5[nH]ncc45)nc3c2n1C1CCNCC1,9.29
CHEMBL3681174,Cn1c(=O)n(C2CCN(C(=O)CO)CC2)c2c3nc(-c4cccc5[nH]ncc45)ccc3ncc21,O=c1[nH]c2cnc3ccc(-c4cccc5[nH]ncc45)nc3c2n1C1CCNCC1,9.24
CHEMBL2331669,CC(O)C(=O)N1CCC(n2c(=O)n(C)c3cnc4ccc(-c5cccc6[nH]ncc56)nc4c32)CC1,O=c1[nH]c2cnc3ccc(-c4cccc5[nH]ncc45)nc3c2n1C1CCNCC1,9.14
CHEMBL3681136,Cn1c(=O)n(C2CCOCC2)c2c3nc(-c4cnc(N)nc4)ccc3ncc21,O=c1[nH]c2cnc3ccc(-c4cncnc4)nc3c2n1C1CCOCC1,9.28
CHEMBL3681127,COc1ncc(-c2ccc3ncc4c(c3n2)n(C2CCOCC2)c(=O)n4C)cn1,O=c1[nH]c2cnc3ccc(-c4cncnc4)nc3c2n1C1CCOCC1,8.05
CHEMBL3681068,CCC(=O)N1CCC(n2c(=O)n(C)c3cnc4ccc(-c5cnc6ccccc6c5)nc4c32)CC1,O=c1[nH]c2cnc3ccc(-c4cnc5ccccc5c4)nc3c2n1C1CCNCC1,9.27
CHEMBL3681086,Cn1c(=O)n(C2CCN(C(=O)C(C)(C)O)CC2)c2c3nc(-c4cnc5ccccc5c4)ccc3ncc21,O=c1[nH]c2cnc3ccc(-c4cnc5ccccc5c4)nc3c2n1C1CCNCC1,9.25
CHEMBL3681069,COC(=O)N1CCC(n2c(=O)n(C)c3cnc4ccc(-c5cnc6ccccc6c5)nc4c32)CC1,O=c1[nH]c2cnc3ccc(-c4cnc5ccccc5c4)nc3c2n1C1CCNCC1,9.09
CHEMBL3681072,CC(C)C(=O)N1CCC(n2c(=O)n(C)c3cnc4ccc(-c5cnc6ccccc6c5)nc4c32)CC1,O=c1[nH]c2cnc3ccc(-c4cnc5ccccc5c4)nc3c2n1C1CCNCC1,8.97
CHEMBL3681074,CCOC(=O)N1CCC(n2c(=O)n(C)c3cnc4ccc(-c5cnc6ccccc6c5)nc4c32)CC1,O=c1[nH]c2cnc3ccc(-c4cnc5ccccc5c4)nc3c2n1C1CCNCC1,8.86
CHEMBL3681070,CNC(=O)N1CCC(n2c(=O)n(C)c3cnc4ccc(-c5cnc6ccccc6c5)nc4c32)CC1,O=c1[nH]c2cnc3ccc(-c4cnc5ccccc5c4)nc3c2n1C1CCNCC1,8.71
CHEMBL3681066,O=c1[nH]c2cnc3ccc(-c4cnc5ccccc5c4)nc3c2n1C1CCNCC1,O=c1[nH]c2cnc3ccc(-c4cnc5ccccc5c4)nc3c2n1C1CCNCC1,8.61
CHEMBL3681073,CN(C)CC(=O)N1CCC(n2c(=O)n(C)c3cnc4ccc(-c5cnc6ccccc6c5)nc4c32)CC1,O=c1[nH]c2cnc3ccc(-c4cnc5ccccc5c4)nc3c2n1C1CCNCC1,8.59
CHEMBL3681075,CC(C)OC(=O)N1CCC(n2c(=O)n(C)c3cnc4ccc(-c5cnc6ccccc6c5)nc4c32)CC1,O=c1[nH]c2cnc3ccc(-c4cnc5ccccc5c4)nc3c2n1C1CCNCC1,8.54
CHEMBL3681067,CCN1CCC(n2c(=O)n(C)c3cnc4ccc(-c5cnc6ccccc6c5)nc4c32)CC1,O=c1[nH]c2cnc3ccc(-c4cnc5ccccc5c4)nc3c2n1C1CCNCC1,8.5
CHEMBL3681088,Cn1c(=O)n(C2CCN(C(=O)C(C)(C)N)CC2)c2c3nc(-c4cnc5ccccc5c4)ccc3ncc21,O=c1[nH]c2cnc3ccc(-c4cnc5ccccc5c4)nc3c2n1C1CCNCC1,8.41
CHEMBL3681076,CN1CCC(n2c(=O)n(C)c3cnc4ccc(-c5cnc6ccccc6c5)nc4c32)CC1,O=c1[nH]c2cnc3ccc(-c4cnc5ccccc5c4)nc3c2n1C1CCNCC1,8.23
CHEMBL3681084,Cn1c(=O)n(C2CCN(CC(F)(F)F)CC2)c2c3nc(-c4cnc5ccccc5c4)ccc3ncc21,O=c1[nH]c2cnc3ccc(-c4cnc5ccccc5c4)nc3c2n1C1CCNCC1,7.69
CHEMBL3218579,COc1ccc(C2=CC3C(C)=NC(N)=NC3N(C3CCC(OCCO)CC3)C2=O)cn1,O=C1C(c2cccnc2)=CC2C=NC=NC2N1C1CCCCC1,9.24
CHEMBL1914739,O=S(=O)(Nc1cc(-c2ccc3ncc(N4CCC(F)(F)CC4)nc3c2)cnc1Cl)c1ccc(F)cc1,O=S(=O)(Nc1cncc(-c2ccc3ncc(N4CCCCC4)nc3c2)c1)c1ccccc1,9.22
CHEMBL1914738,O=S(=O)(Nc1cc(-c2ccc3ncc(N4CCCCC4)nc3c2)cnc1Cl)c1ccc(F)cc1,O=S(=O)(Nc1cncc(-c2ccc3ncc(N4CCCCC4)nc3c2)c1)c1ccccc1,9.05
CHEMBL1914741,COC1CCN(c2cnc3ccc(-c4cnc(Cl)c(NS(=O)(=O)c5ccc(F)cc5)c4)cc3n2)CC1,O=S(=O)(Nc1cncc(-c2ccc3ncc(N4CCCCC4)nc3c2)c1)c1ccccc1,8.85
CHEMBL1738719,O=S(=O)(Nc1cc(-c2ccc3nccc(N4CCOCC4)c3c2)cnc1Cl)c1ccc(F)cc1,O=S(=O)(Nc1cncc(-c2ccc3nccc(N4CCOCC4)c3c2)c1)c1ccccc1,9.22
CHEMBL1914728,CN(C)c1ccc(-c2ccnc3ccc(-c4cnc(Cl)c(NS(=O)(=O)c5ccc(F)cc5)c4)cc23)cc1,O=S(=O)(Nc1cncc(-c2ccc3nccc(-c4ccccc4)c3c2)c1)c1ccccc1,9.15
CHEMBL1914725,O=S(=O)(Nc1cc(-c2ccc3nccc(-c4ccccc4)c3c2)cnc1Cl)c1ccc(F)cc1,O=S(=O)(Nc1cncc(-c2ccc3nccc(-c4ccccc4)c3c2)c1)c1ccccc1,8.89
CHEMBL1914726,O=S(=O)(Nc1cc(-c2ccc3nccc(-c4cccnc4)c3c2)cnc1Cl)c1ccc(F)cc1,O=S(=O)(Nc1cncc(-c2ccc3nccc(-c4cccnc4)c3c2)c1)c1ccccc1,9.15
CHEMBL1914734,O=S(=O)(Nc1cc(-c2ccc3ncc(NCCc4ccccc4)nc3c2)cnc1Cl)c1ccc(F)cc1,O=S(=O)(Nc1cncc(-c2ccc3ncc(NCCc4ccccc4)nc3c2)c1)c1ccccc1,9.1
CHEMBL1914742,CC(C)N1CCN(c2cnc3ccc(-c4cnc(Cl)c(NS(=O)(=O)c5ccc(F)cc5)c4)cc3n2)CC1,O=S(=O)(Nc1cncc(-c2ccc3ncc(N4CCNCC4)nc3c2)c1)c1ccccc1,9.1
CHEMBL1914727,O=S(=O)(Nc1cc(-c2ccc3nccc(-c4ccncc4)c3c2)cnc1Cl)c1ccc(F)cc1,O=S(=O)(Nc1cncc(-c2ccc3nccc(-c4ccncc4)c3c2)c1)c1ccccc1,9.1
CHEMBL1914731,O=S(=O)(Nc1cc(-c2ccc3ncc(NCC4CCCCC4)nc3c2)cnc1Cl)c1ccc(F)cc1,O=S(=O)(Nc1cncc(-c2ccc3ncc(NCC4CCCCC4)nc3c2)c1)c1ccccc1,9.1
CHEMBL1914743,O=S(=O)(Nc1cc(-c2ccc3ncc(N4CCOCC4)nc3c2)cnc1Cl)c1ccc(F)cc1,O=S(=O)(Nc1cncc(-c2ccc3ncc(N4CCOCC4)nc3c2)c1)c1ccccc1,9.1
CHEMBL3681171,CC(=O)N1CCC(n2c(=O)n(C)c3cnc4ccc(-c5ccnc6[nH]ncc56)nc4c32)CC1,O=c1[nH]c2cnc3ccc(-c4ccnc5[nH]ncc45)nc3c2n1C1CCNCC1,9.09
CHEMBL3681172,Cn1c(=O)n(C2CCN(C(=O)CO)CC2)c2c3nc(-c4ccnc5[nH]ncc45)ccc3ncc21,O=c1[nH]c2cnc3ccc(-c4ccnc5[nH]ncc45)nc3c2n1C1CCNCC1,9.08
CHEMBL3681173,CC(O)C(=O)N1CCC(n2c(=O)n(C)c3cnc4ccc(-c5ccnc6[nH]ncc56)nc4c32)CC1,O=c1[nH]c2cnc3ccc(-c4ccnc5[nH]ncc45)nc3c2n1C1CCNCC1,8.98
CHEMBL1914724,O=S(=O)(Nc1cc(-c2ccc3nccc(N4CCN(Cc5ccncc5)CC4)c3c2)cnc1Cl)c1ccc(F)cc1,O=S(=O)(Nc1cncc(-c2ccc3nccc(N4CCN(Cc5ccncc5)CC4)c3c2)c1)c1ccccc1,9.05
CHEMBL1914729,COCCNc1cnc2ccc(-c3cnc(Cl)c(NS(=O)(=O)c4ccc(F)cc4)c3)cc2n1,O=S(=O)(Nc1cncc(-c2ccc3nccnc3c2)c1)c1ccccc1,9.05
CHEMBL1914730,COCCN(C)c1cnc2ccc(-c3cnc(Cl)c(NS(=O)(=O)c4ccc(F)cc4)c3)cc2n1,O=S(=O)(Nc1cncc(-c2ccc3nccnc3c2)c1)c1ccccc1,9.0
CHEMBL1914737,CN(C)c1cnc2ccc(-c3cnc(Cl)c(NS(=O)(=O)c4ccc(F)cc4)c3)cc2n1,O=S(=O)(Nc1cncc(-c2ccc3nccnc3c2)c1)c1ccccc1,8.77
CHEMBL1914715,O=S(=O)(Nc1cc(-c2ccc3nccnc3c2)cnc1Cl)c1ccc(F)cc1,O=S(=O)(Nc1cncc(-c2ccc3nccnc3c2)c1)c1ccccc1,8.51
CHEMBL1914721,O=S(=O)(Nc1cc(-c2ccc3nccc(N4CCC(O)CC4)c3c2)cnc1Cl)c1ccc(F)cc1,O=S(=O)(Nc1cncc(-c2ccc3nccc(N4CCCCC4)c3c2)c1)c1ccccc1,9.05
CHEMBL1914720,O=S(=O)(Nc1cc(-c2ccc3nccc(N4CCCCC4)c3c2)cnc1Cl)c1ccc(F)cc1,O=S(=O)(Nc1cncc(-c2ccc3nccc(N4CCCCC4)c3c2)c1)c1ccccc1,8.72
CHEMBL1914740,O=S(=O)(Nc1cc(-c2ccc3ncc(N4CC5CCC(CC5)C4)nc3c2)cnc1Cl)c1ccc(F)cc1,O=S(=O)(Nc1cncc(-c2ccc3ncc(N4CC5CCC(CC5)C4)nc3c2)c1)c1ccccc1,9.0
CHEMBL1914723,O=S(=O)(Nc1cc(-c2ccc3nccc(N4CCN(Cc5ccccc5)CC4)c3c2)cnc1Cl)c1ccc(F)cc1,O=S(=O)(Nc1cncc(-c2ccc3nccc(N4CCN(Cc5ccccc5)CC4)c3c2)c1)c1ccccc1,9.0
CHEMBL1914947,O=S(=O)(Nc1cc(-c2ccc3ncc(-c4ccncc4)nc3c2)cnc1Cl)c1ccc(F)cc1,O=S(=O)(Nc1cncc(-c2ccc3ncc(-c4ccncc4)nc3c2)c1)c1ccccc1,9.0
CHEMBL3649428,O=S(=O)(Nc1cc(-c2cnc3ccc(-c4cccnc4)cn23)cnc1Cl)c1ccc(F)cc1,O=S(=O)(Nc1cncc(-c2cnc3ccc(-c4cccnc4)cn23)c1)c1ccccc1,9.0
CHEMBL3649445,CN(C)S(=O)(=O)Nc1cc(-c2cnc3ccc(-c4ccncc4)cn23)cnc1Cl,c1cncc(-c2cnc3ccc(-c4ccncc4)cn23)c1,9.0
CHEMBL3649436,CN(C)S(=O)(=O)Nc1cc(-c2cnc3ccc(-c4ccnc(C(F)(F)F)c4)cn23)cnc1Cl,c1cncc(-c2cnc3ccc(-c4ccncc4)cn23)c1,9.0
CHEMBL3649446,Cc1cc2ncc(-c3cnc(Cl)c(NS(=O)(=O)N(C)C)c3)n2cc1-c1ccncc1,c1cncc(-c2cnc3ccc(-c4ccncc4)cn23)c1,8.4
CHEMBL3649431,COc1cc(-c2cnc3ccc(-c4ccncc4)cn23)cnc1OC,c1cncc(-c2cnc3ccc(-c4ccncc4)cn23)c1,6.2
CHEMBL3646588,COc1ncc(Nc2ncc(C(C)N3CCN(S(C)(=O)=O)CC3)cc2-c2nc(C)nc3[nH]cnc23)cc1F,c1cncc(Nc2ncc(CN3CCNCC3)cc2-c2ncnc3[nH]cnc23)c1,9.0
CHEMBL3646479,COc1ccc(Nc2ncc(C(C)N3CCN(S(C)(=O)=O)CC3)cc2-c2nc(C)nc3[nH]cnc23)cn1,c1cncc(Nc2ncc(CN3CCNCC3)cc2-c2ncnc3[nH]cnc23)c1,8.22
CHEMBL3646435,COc1ccc(Nc2ncc(CN3CCN(S(=O)(=O)N(C)C)CC3)cc2-c2nc(C)nc3[nH]cnc23)cn1,c1cncc(Nc2ncc(CN3CCNCC3)cc2-c2ncnc3[nH]cnc23)c1,8.15
CHEMBL3646433,COC(=O)N1CCN(Cc2cnc(Nc3ccc(OC)nc3)c(-c3nc(C)nc4[nH]cnc34)c2)CC1,c1cncc(Nc2ncc(CN3CCNCC3)cc2-c2ncnc3[nH]cnc23)c1,7.74
CHEMBL3646432,COc1ccc(Nc2ncc(CN3CCN(S(C)(=O)=O)CC3)cc2-c2nc(C)nc3[nH]cnc23)cn1,c1cncc(Nc2ncc(CN3CCNCC3)cc2-c2ncnc3[nH]cnc23)c1,7.72
CHEMBL3646436,COc1ccc(Nc2ncc(CN3CCN(C(C)=O)CC3)cc2-c2nc(C)nc3[nH]cnc23)cn1,c1cncc(Nc2ncc(CN3CCNCC3)cc2-c2ncnc3[nH]cnc23)c1,7.38
CHEMBL3646434,COc1ccc(Nc2ncc(CN3CCN(C(=O)N(C)C)CC3)cc2-c2nc(C)nc3[nH]cnc23)cn1,c1cncc(Nc2ncc(CN3CCNCC3)cc2-c2ncnc3[nH]cnc23)c1,7.37
CHEMBL3646431,COc1ccc(Nc2ncc(CN3CCNCC3)cc2-c2nc(C)nc3[nH]cnc23)cn1,c1cncc(Nc2ncc(CN3CCNCC3)cc2-c2ncnc3[nH]cnc23)c1,7.01
CHEMBL3646596,COc1ncc(Nc2ncc(C(C)N3CCN(S(C)(=O)=O)CC3C)cc2-c2cc(N)nc(C)n2)cc1F,c1cncc(Nc2ncc(CN3CCNCC3)cc2-c2ccncn2)c1,9.0
CHEMBL3646595,COc1ncc(Nc2ncc(C(C)N3CCN(S(C)(=O)=O)CC3)cc2-c2cc(N)nc(C)n2)cc1F,c1cncc(Nc2ncc(CN3CCNCC3)cc2-c2ccncn2)c1,8.7
CHEMBL3646507,COc1ccc(Nc2ncc(CN3CCN(S(C)(=O)=O)CC3)cc2-c2cc(N)nc(C)n2)cn1,c1cncc(Nc2ncc(CN3CCNCC3)cc2-c2ccncn2)c1,8.22
CHEMBL3646485,COc1ncc(Nc2ncc(C(C)c3ccc(S(C)(=O)=O)cc3)cc2-c2nc(C)nc(N)n2)cc1F,c1ccc(Cc2cnc(Nc3cccnc3)c(-c3ncncn3)c2)cc1,9.0
CHEMBL3646480,COc1ncc(Nc2ncc(Cc3ccc(S(C)(=O)=O)cc3)cc2-c2nc(C)nc(N)n2)cc1F,c1ccc(Cc2cnc(Nc3cccnc3)c(-c3ncncn3)c2)cc1,8.7
CHEMBL2165007,COc1ccc(Nc2ncc(Cc3ccc(S(C)(=O)=O)cc3)cc2-c2nc(C)nc(N)n2)cn1,c1ccc(Cc2cnc(Nc3cccnc3)c(-c3ncncn3)c2)cc1,8.64
CHEMBL3646543,COc1ccc(Nc2ncc(C(O)c3ccc(S(=O)(=O)N(C)C)cc3)cc2-c2nc(C)nc(N)n2)cn1,c1ccc(Cc2cnc(Nc3cccnc3)c(-c3ncncn3)c2)cc1,8.4
CHEMBL3646484,COc1ccc(Nc2ncc(C(C)c3ccc(S(C)(=O)=O)cc3)cc2-c2nc(C)nc(N)n2)cn1,c1ccc(Cc2cnc(Nc3cccnc3)c(-c3ncncn3)c2)cc1,8.3
CHEMBL3646544,COc1ccc(Nc2ncc(C(N)c3ccc(S(=O)(=O)N(C)C)cc3)cc2-c2nc(C)nc(N)n2)cn1,c1ccc(Cc2cnc(Nc3cccnc3)c(-c3ncncn3)c2)cc1,7.74
CHEMBL2165006,COc1ccc(Nc2ncc(Cc3ccccc3)cc2-c2nc(C)nc(N)n2)cn1,c1ccc(Cc2cnc(Nc3cccnc3)c(-c3ncncn3)c2)cc1,7.2
CHEMBL3770332,COC(=O)Nc1ccc2c(c1)OCCc1cc(-c3nncn3-c3ccccc3Cl)sc1-2,c1ccc(-n2cnnc2-c2cc3c(s2)-c2ccccc2OCC3)cc1,9.0
CHEMBL2178606,COC(C)(C)c1cc2nc(-c3cnc(N)nc3)nc(N3CCOCC3)c2s1,c1ncc(-c2nc(N3CCOCC3)c3sccc3n2)cn1,9.0
CHEMBL2216891,Cc1ccc(S(C)(=O)=O)c(-c2nc3cc(F)cc(F)c3c(N3CC(C)(C)c4ncc(N5CCOCC5)cc43)c2C)c1,c1ccc(-c2cc(N3CCc4ncc(N5CCOCC5)cc43)c3ccccc3n2)cc1,8.98
CHEMBL3698302,Cc1c(-c2ccccc2S(C)(=O)=O)nc2cc(F)ccc2c1N1CC(C)(C)c2ncc(N3CCOCC3)cc21,c1ccc(-c2cc(N3CCc4ncc(N5CCOCC5)cc43)c3ccccc3n2)cc1,8.11
CHEMBL3698296,Cc1cc(C)cc(-c2nc3cc(F)ccc3c(N3CC(C)(C)c4ncc(N5CCOCC5)cc43)c2C)c1,c1ccc(-c2cc(N3CCc4ncc(N5CCOCC5)cc43)c3ccccc3n2)cc1,7.81
CHEMBL3681090,Cn1c(=O)n(C2CCC(OCCO)CC2)c2c3nc(-c4cnc5ccccc5c4)ccc3ncc21,O=c1[nH]c2cnc3ccc(-c4cnc5ccccc5c4)nc3c2n1C1CCCCC1,8.97
CHEMBL3681089,Cn1c(=O)n(C2CCC(O)CC2)c2c3nc(-c4cnc5ccccc5c4)ccc3ncc21,O=c1[nH]c2cnc3ccc(-c4cnc5ccccc5c4)nc3c2n1C1CCCCC1,8.92
CHEMBL3681120,NC1CCC(n2c(=O)[nH]c3cnc4ccc(-c5cnc6ccccc6c5)nc4c32)CC1,O=c1[nH]c2cnc3ccc(-c4cnc5ccccc5c4)nc3c2n1C1CCCCC1,8.66
CHEMBL1773736,CC(=O)Nc1nc2ccc(-c3cnc(Cl)c(NS(=O)(=O)c4cccc(F)c4)c3)cc2s1,O=S(=O)(Nc1cncc(-c2ccc3ncsc3c2)c1)c1ccccc1,8.96
CHEMBL1615189,CC(=O)Nc1nc2ccc(-c3cnc(Cl)c(NS(=O)(=O)c4ccc(F)cc4)c3)cc2s1,O=S(=O)(Nc1cncc(-c2ccc3ncsc3c2)c1)c1ccccc1,8.92
CHEMBL1773603,COc1ccc(S(=O)(=O)Nc2cc(-c3ccc4nc(NC(C)=O)sc4c3)cnc2C)cc1,O=S(=O)(Nc1cncc(-c2ccc3ncsc3c2)c1)c1ccccc1,8.92
CHEMBL1773602,COc1ccc(S(=O)(=O)Nc2cc(-c3ccc4nc(NC(C)=O)sc4c3)cnc2C#N)cc1,O=S(=O)(Nc1cncc(-c2ccc3ncsc3c2)c1)c1ccccc1,8.85
CHEMBL1773605,CC(=O)Nc1nc2ccc(-c3cnc(Cl)c(NS(=O)(=O)c4ccccc4)c3)cc2s1,O=S(=O)(Nc1cncc(-c2ccc3ncsc3c2)c1)c1ccccc1,8.85
CHEMBL1773599,COc1ccc(S(=O)(=O)Nc2cncc(-c3ccc4nc(NC(C)=O)sc4c3)c2)cc1,O=S(=O)(Nc1cncc(-c2ccc3ncsc3c2)c1)c1ccccc1,8.8
CHEMBL1822052,Nc1nc2ccc(-c3cnc(Cl)c(NS(=O)(=O)c4ccc(F)cc4)c3)cc2s1,O=S(=O)(Nc1cncc(-c2ccc3ncsc3c2)c1)c1ccccc1,8.25
CHEMBL1822053,O=S(=O)(Nc1cc(-c2ccc3ncsc3c2)cnc1Cl)c1ccc(F)cc1,O=S(=O)(Nc1cncc(-c2ccc3ncsc3c2)c1)c1ccccc1,7.89
CHEMBL1822057,CC(=O)Nc1cn2cc(-c3cnc(Cl)c(NS(=O)(=O)c4ccc(F)cc4)c3)ccc2n1,O=S(=O)(Nc1cncc(-c2ccc3nccn3c2)c1)c1ccccc1,8.92
CHEMBL1822058,Nc1cn2cc(-c3cnc(Cl)c(NS(=O)(=O)c4ccc(F)cc4)c3)ccc2n1,O=S(=O)(Nc1cncc(-c2ccc3nccn3c2)c1)c1ccccc1,8.55
CHEMBL1822059,O=S(=O)(Nc1cc(-c2ccc3nccn3c2)cnc1Cl)c1ccc(F)cc1,O=S(=O)(Nc1cncc(-c2ccc3nccn3c2)c1)c1ccccc1,7.64
CHEMBL1914736,O=S(=O)(Nc1cc(-c2ccc3ncc(NCCN4CCOCC4)nc3c2)cnc1Cl)c1ccc(F)cc1,O=S(=O)(Nc1cncc(-c2ccc3ncc(NCCN4CCOCC4)nc3c2)c1)c1ccccc1,8.92
CHEMBL3701685,Cc1c(N2CCC2=O)nc2cc(F)cc(F)c2c1N1CC2(CCOCC2)c2ncc(N3CCOCC3)cc21,O=C1CCN1c1cc(N2CC3(CCOCC3)c3ncc(N4CCOCC4)cc32)c2ccccc2n1,8.9
CHEMBL3770092,CC(C)n1ncnc1-c1cn2c(n1)-c1cnc(N3CCCC3)cc1OCC2,c1n[nH]c(-c2cn3c(n2)-c2cnc(N4CCCC4)cc2OCC3)n1,8.89
CHEMBL3769857,CNC(=O)C1CCCN1c1cc2c(cn1)-c1nc(-c3ncnn3C(C)C)cn1CCO2,c1n[nH]c(-c2cn3c(n2)-c2cnc(N4CCCC4)cc2OCC3)n1,7.52
CHEMBL3701670,Cc1c(-c2ccccn2)nc2cc(F)ccc2c1N1CC2(CCS(=O)(=O)CC2)c2ccc(N3CCOCC3)cc21,O=S1(=O)CCC2(CC1)CN(c1cc(-c3ccccn3)nc3ccccc13)c1cc(N3CCOCC3)ccc12,8.86
CHEMBL1822054,CC(=O)Nc1cn2nc(-c3cnc(Cl)c(NS(=O)(=O)c4ccc(F)cc4)c3)ccc2n1,O=S(=O)(Nc1cncc(-c2ccc3nccn3n2)c1)c1ccccc1,8.85
CHEMBL1822056,O=S(=O)(Nc1cc(-c2ccc3nccn3n2)cnc1Cl)c1ccc(F)cc1,O=S(=O)(Nc1cncc(-c2ccc3nccn3n2)c1)c1ccccc1,8.21
CHEMBL1822055,Nc1cn2nc(-c3cnc(Cl)c(NS(=O)(=O)c4ccc(F)cc4)c3)ccc2n1,O=S(=O)(Nc1cncc(-c2ccc3nccn3n2)c1)c1ccccc1,7.96
CHEMBL1914732,CN(Cc1ccccc1)c1cnc2ccc(-c3cnc(Cl)c(NS(=O)(=O)c4ccc(F)cc4)c3)cc2n1,O=S(=O)(Nc1cncc(-c2ccc3ncc(NCc4ccccc4)nc3c2)c1)c1ccccc1,8.85
CHEMBL3701667,Cc1c(N2CC(C)(C)CCC2=O)nc2cc(F)cc(F)c2c1N1CC2(CCOCC2)c2ncc(N3CCOCC3)cc21,O=C1CCCCN1c1cc(N2CC3(CCOCC3)c3ncc(N4CCOCC4)cc32)c2ccccc2n1,8.83
CHEMBL3701648,Cc1c(N2CCCCC2=O)nc2cc(F)ccc2c1N1CC2(CCOCC2)c2ncc(N3CCOCC3)cc21,O=C1CCCCN1c1cc(N2CC3(CCOCC3)c3ncc(N4CCOCC4)cc32)c2ccccc2n1,8.79
CHEMBL3701640,Cc1c(N2CCCCC2=O)nc2cc(F)cc(F)c2c1N1CC2(CCOCC2)c2ncc(N3CCOCC3)cc21,O=C1CCCCN1c1cc(N2CC3(CCOCC3)c3ncc(N4CCOCC4)cc32)c2ccccc2n1,8.26
CHEMBL3701653,Cc1c(N2CCOC(C)(C)C2)nc2cc(F)cc(F)c2c1N1CC(C)(C)c2ncc(N3CCOCC3)cc21,c1ccc2c(N3CCc4ncc(N5CCOCC5)cc43)cc(N3CCOCC3)nc2c1,8.82
CHEMBL3701638,Cc1c(N2CCCC2=O)nc2cc(F)cc(F)c2c1N1CC(C)(C)c2ncc(N3CCOCC3)cc21,O=C1CCCN1c1cc(N2CCc3ncc(N4CCOCC4)cc32)c2ccccc2n1,8.81
CHEMBL3681153,Cn1c(=O)n(C2CCNCC2)c2c3nc(-c4cnc(N)nc4)ccc3ncc21,O=c1[nH]c2cnc3ccc(-c4cncnc4)nc3c2n1C1CCNCC1,8.79
CHEMBL3681095,COc1ncc(-c2ccc3ncc4c(c3n2)n(C2CCN(C(=O)C(C)O)CC2)c(=O)n4C)cn1,O=c1[nH]c2cnc3ccc(-c4cncnc4)nc3c2n1C1CCNCC1,8.59
CHEMBL3681117,COc1ncc(-c2ccc3ncc4c(c3n2)n(C2CCN(C(C)=O)CC2)c(=O)n4C)cn1,O=c1[nH]c2cnc3ccc(-c4cncnc4)nc3c2n1C1CCNCC1,8.41
CHEMBL3681115,COc1ncc(-c2ccc3ncc4c(c3n2)n(C2CCN(C(=O)CN)CC2)c(=O)n4C)cn1,O=c1[nH]c2cnc3ccc(-c4cncnc4)nc3c2n1C1CCNCC1,8.41
CHEMBL3681099,COc1ncc(-c2ccc3ncc4c(c3n2)n(C2CCN(CC(=O)N(C)C)CC2)c(=O)n4C)cn1,O=c1[nH]c2cnc3ccc(-c4cncnc4)nc3c2n1C1CCNCC1,8.33
CHEMBL3681098,COCC(=O)N1CCC(n2c(=O)n(C)c3cnc4ccc(-c5cnc(OC)nc5)nc4c32)CC1,O=c1[nH]c2cnc3ccc(-c4cncnc4)nc3c2n1C1CCNCC1,8.3
CHEMBL3681118,COc1ncc(-c2ccc3ncc4c(c3n2)n(C2CCNCC2)c(=O)n4C)cn1,O=c1[nH]c2cnc3ccc(-c4cncnc4)nc3c2n1C1CCNCC1,8.09
CHEMBL3681116,COc1ncc(-c2ccc3ncc4c(c3n2)n(C2CCN(CCO)CC2)c(=O)n4C)cn1,O=c1[nH]c2cnc3ccc(-c4cncnc4)nc3c2n1C1CCNCC1,7.92
CHEMBL3681113,COc1ncc(-c2ccc3ncc4c(c3n2)n(C2CCN(C)CC2)c(=O)n4C)cn1,O=c1[nH]c2cnc3ccc(-c4cncnc4)nc3c2n1C1CCNCC1,7.56
CHEMBL3681114,COc1ncc(-c2ccc3ncc4c(c3n2)n(C2CCN(C(=O)CN(C)C)CC2)c(=O)n4C)cn1,O=c1[nH]c2cnc3ccc(-c4cncnc4)nc3c2n1C1CCNCC1,7.54
CHEMBL1914722,CC(C)N1CCN(c2ccnc3ccc(-c4cnc(Cl)c(NS(=O)(=O)c5ccc(F)cc5)c4)cc23)CC1,O=S(=O)(Nc1cncc(-c2ccc3nccc(N4CCNCC4)c3c2)c1)c1ccccc1,8.74
CHEMBL3681187,COc1ccc(-c2ccc3ncc4c(c3n2)n(C2CCN(C(=O)C(C)O)CC2)c(=O)n4C)cc1,O=c1[nH]c2cnc3ccc(-c4ccccc4)nc3c2n1C1CCNCC1,8.74
CHEMBL3681166,CNC(=O)Nc1ccc(-c2ccc3ncc4c(c3n2)n(C2CCN(C(=O)C(C)O)CC2)c(=O)n4C)cc1,O=c1[nH]c2cnc3ccc(-c4ccccc4)nc3c2n1C1CCNCC1,8.71
CHEMBL3681188,COc1ccc(-c2ccc3ncc4c(c3n2)n(C2CCN(C(=O)CO)CC2)c(=O)n4C)cc1,O=c1[nH]c2cnc3ccc(-c4ccccc4)nc3c2n1C1CCNCC1,8.71
CHEMBL3681190,COc1cccc(-c2ccc3ncc4c(c3n2)n(C2CCN(C(=O)C(C)O)CC2)c(=O)n4C)c1,O=c1[nH]c2cnc3ccc(-c4ccccc4)nc3c2n1C1CCNCC1,8.7
CHEMBL3681167,CNC(=O)Nc1ccc(-c2ccc3ncc4c(c3n2)n(C2CCN(C(=O)CO)CC2)c(=O)n4C)cc1,O=c1[nH]c2cnc3ccc(-c4ccccc4)nc3c2n1C1CCNCC1,8.66
CHEMBL3639800,COc1cccc(-c2ccc3ncc4c(c3n2)n(C2CCN(C(=O)CO)CC2)c(=O)n4C)c1,O=c1[nH]c2cnc3ccc(-c4ccccc4)nc3c2n1C1CCNCC1,8.65
CHEMBL3681191,COc1cccc(-c2ccc3ncc4c(c3n2)n(C2CCN(C(C)=O)CC2)c(=O)n4C)c1,O=c1[nH]c2cnc3ccc(-c4ccccc4)nc3c2n1C1CCNCC1,8.52
CHEMBL3681180,CCNC(=O)Nc1ccc(-c2ccc3ncc4c(c3n2)n(C2CCN(C(=O)OC(C)(C)C)CC2)c(=O)n4C)cc1,O=c1[nH]c2cnc3ccc(-c4ccccc4)nc3c2n1C1CCNCC1,8.3
CHEMBL3681189,COc1ccc(-c2ccc3ncc4c(c3n2)n(C2CCN(C(C)=O)CC2)c(=O)n4C)cc1,O=c1[nH]c2cnc3ccc(-c4ccccc4)nc3c2n1C1CCNCC1,8.11
CHEMBL3681168,CC(=O)N1CCC(n2c(=O)n(C)c3cnc4ccc(-c5ccc(S(C)(=O)=O)cc5)nc4c32)CC1,O=c1[nH]c2cnc3ccc(-c4ccccc4)nc3c2n1C1CCNCC1,7.62
CHEMBL3681192,COc1ccccc1-c1ccc2ncc3c(c2n1)n(C1CCN(C(=O)CO)CC1)c(=O)n3C,O=c1[nH]c2cnc3ccc(-c4ccccc4)nc3c2n1C1CCNCC1,6.73
CHEMBL3681054,COc1ccc(-c2ccc3ncc4[nH]c(=O)n(-c5ccc(C(C)(C)C#N)cc5)c4c3n2)cn1,O=c1[nH]c2cnc3ccc(-c4cccnc4)nc3c2n1-c1ccccc1,8.73
CHEMBL3681059,COc1ncc(-c2ccc3ncc4c(c3n2)n(-c2ccc(C(C)(C)C#N)cc2)c(=O)n4C)cc1F,O=c1[nH]c2cnc3ccc(-c4cccnc4)nc3c2n1-c1ccccc1,8.63
CHEMBL3681058,COc1ncc(-c2ccc3ncc4[nH]c(=O)n(-c5ccc(C(C)(C)C#N)cc5)c4c3n2)cc1F,O=c1[nH]c2cnc3ccc(-c4cccnc4)nc3c2n1-c1ccccc1,8.42
CHEMBL3681056,CN(C)c1ccc(-c2ccc3ncc4[nH]c(=O)n(-c5ccc(C(C)(C)C#N)cc5)c4c3n2)cn1,O=c1[nH]c2cnc3ccc(-c4cccnc4)nc3c2n1-c1ccccc1,8.41
CHEMBL3681057,CN(C)c1ccc(-c2ccc3ncc4c(c3n2)n(-c2ccc(C(C)(C)C#N)cc2)c(=O)n4C)cn1,O=c1[nH]c2cnc3ccc(-c4cccnc4)nc3c2n1-c1ccccc1,8.35
CHEMBL3681055,Cc1ccc(-c2ccc3ncc4c(c3n2)n(-c2ccc(C(C)(C)C#N)cc2)c(=O)n4C)cn1,O=c1[nH]c2cnc3ccc(-c4cccnc4)nc3c2n1-c1ccccc1,7.46
CHEMBL2206909,Cc1nc(N)nc(-c2cc(CN3CCOCC3)cnc2Nc2cnc(Cl)c(NS(=O)(=O)N(C)C)c2)n1,c1cncc(Nc2ncc(CN3CCOCC3)cc2-c2ncncn2)c1,8.72
CHEMBL2206908,Cc1nc(N)nc(-c2cc(CN3CCOCC3)cnc2Nc2cnc(Cl)c(NS(C)(=O)=O)c2)n1,c1cncc(Nc2ncc(CN3CCOCC3)cc2-c2ncncn2)c1,8.27
CHEMBL3646573,COc1ncc(Nc2ncc(C(C)(C)N3CCOCC3)cc2-c2nc(C)nc(N)n2)cc1F,c1cncc(Nc2ncc(CN3CCOCC3)cc2-c2ncncn2)c1,8.22
CHEMBL3646470,COc1ncc(Nc2ncc(CN3CCOCC3)cc2-c2nc(C)nc(N)n2)cc1F,c1cncc(Nc2ncc(CN3CCOCC3)cc2-c2ncncn2)c1,7.7
CHEMBL3646604,COc1ncc(Nc2ncc(CN3CCOCC3C)cc2-c2nc(C)nc(N)n2)cc1F,c1cncc(Nc2ncc(CN3CCOCC3)cc2-c2ncncn2)c1,7.57
CHEMBL3646534,COc1ccc(Nc2ncc(CN3CCOCC3C)cc2-c2nc(C)nc(N)n2)cn1,c1cncc(Nc2ncc(CN3CCOCC3)cc2-c2ncncn2)c1,7.03
CHEMBL3646616,COc1ncc(Nc2ncc(CN3CCOCC3)cc2-c2nc(C)nc(N)n2)cc1NS(C)(=O)=O,c1cncc(Nc2ncc(CN3CCOCC3)cc2-c2ncncn2)c1,7.01
CHEMBL2165010,COc1ccc(Nc2ncc(CN3CCOCC3)cc2-c2nc(C)nc(N)n2)cn1,c1cncc(Nc2ncc(CN3CCOCC3)cc2-c2ncncn2)c1,6.99
CHEMBL3701656,Cc1ccnc(-c2nc3cc(F)ccc3c(N3CCS(=O)(=O)c4ncc(N5CCOCC5)cc43)c2C)c1,O=S1(=O)CCN(c2cc(-c3ccccn3)nc3ccccc23)c2cc(N3CCOCC3)cnc21,8.71
CHEMBL3701655,Cc1c(-c2ccccn2)nc2cc(F)ccc2c1N1CCS(=O)(=O)c2ncc(N3CCOCC3)cc21,O=S1(=O)CCN(c2cc(-c3ccccn3)nc3ccccc23)c2cc(N3CCOCC3)cnc21,8.65
CHEMBL3698362,Cc1c(-c2ccccn2)nc2cccc(F)c2c1N1CCS(=O)(=O)c2ncc(N3CCOCC3)cc21,O=S1(=O)CCN(c2cc(-c3ccccn3)nc3ccccc23)c2cc(N3CCOCC3)cnc21,7.89
CHEMBL2087474,CS(=O)(=O)N1CCN(Cc2cn3cc(-c4cnc(N)nc4)nc(N4CCOCC4)c3n2)CC1,c1ncc(-c2cn3cc(CN4CCNCC4)nc3c(N3CCOCC3)n2)cn1,8.7
CHEMBL2087493,CS(=O)(=O)N1CCN(Cc2cn3c(Cl)c(-c4cnc(N)nc4)nc(N4CCOCC4)c3n2)CC1,c1ncc(-c2cn3cc(CN4CCNCC4)nc3c(N3CCOCC3)n2)cn1,8.61
CHEMBL2165051,Cc1ncnc(-n2c(Nc3cccc(O)c3)nc3ccccc32)n1,c1ccc(Nc2nc3ccccc3n2-c2ncncn2)cc1,8.7
CHEMBL1762782,Cc1nc(NCC#N)nc(-n2c(Nc3cccc(O)c3)nc3ccccc32)n1,c1ccc(Nc2nc3ccccc3n2-c2ncncn2)cc1,7.8
CHEMBL1615182,N#CCNc1ncnc(-n2c(Nc3cccc(O)c3)nc3ccccc32)n1,c1ccc(Nc2nc3ccccc3n2-c2ncncn2)cc1,6.46
CHEMBL2206907,Cc1nc(N)nc(-c2cc(C3CCOCC3)cnc2Nc2cnc(Cl)c(NS(C)(=O)=O)c2)n1,c1cncc(Nc2ncc(C3CCOCC3)cc2-c2ncncn2)c1,8.7
CHEMBL3646623,COc1ncc(Nc2ncc(C3CCOCC3)cc2-c2nc(C)nc(N)n2)cc1F,c1cncc(Nc2ncc(C3CCOCC3)cc2-c2ncncn2)c1,8.3
CHEMBL2418352,CC(C)(O)c1nc2c(N3CCOCC3)nc(-c3cnc(N)nc3)nc2n1CCO,c1ncc(-c2nc(N3CCOCC3)c3nc[nH]c3n2)cn1,8.7
CHEMBL3813906,Cc1nc(N)ncc1-c1nc(N2CCOCC2)c2nc(C(C)(C)O)n(CCO)c2n1,c1ncc(-c2nc(N3CCOCC3)c3nc[nH]c3n2)cn1,8.52
CHEMBL3814365,CCc1nc2c(N3CCOCC3)nc(-c3cnc(N)nc3)nc2n1C,c1ncc(-c2nc(N3CCOCC3)c3nc[nH]c3n2)cn1,8.3
CHEMBL3814933,Cn1cnc2c(N3CCOCC3)nc(-c3cnc(N)nc3)nc21,c1ncc(-c2nc(N3CCOCC3)c3nc[nH]c3n2)cn1,8.0
CHEMBL3649427,O=S(=O)(Nc1cc(-c2cnc3ccc(-c4ccncc4)cn23)cnc1Cl)c1ccc(F)cc1,O=S(=O)(Nc1cncc(-c2cnc3ccc(-c4ccncc4)cn23)c1)c1ccccc1,8.7
CHEMBL2170090,COc1ncc(Nc2ncc(C(C)(C)N3CCN(S(C)(=O)=O)CC3)cc2-c2nc(C)nc(N)n2)cc1F,c1cncc(Nc2ncc(CN3CCNCC3)cc2-c2ncncn2)c1,8.7
CHEMBL3646634,COc1ncc(Nc2ncc(CN3CCN(S(C)(=O)=O)C(C)C3)cc2-c2nc(C)nc(N)n2)cc1F,c1cncc(Nc2ncc(CN3CCNCC3)cc2-c2ncncn2)c1,8.3
CHEMBL3646612,COc1ncc(Nc2ncc(C(N3CCN(S(C)(=O)=O)CC3)C(F)(F)F)cc2-c2nc(C)nc(N)n2)cc1F,c1cncc(Nc2ncc(CN3CCNCC3)cc2-c2ncncn2)c1,8.22
CHEMBL3646603,COc1ncc(Nc2ncc(CN3CCN(S(C)(=O)=O)CC3C(F)(F)F)cc2-c2nc(C)nc(N)n2)cc1F,c1cncc(Nc2ncc(CN3CCNCC3)cc2-c2ncncn2)c1,8.15
CHEMBL3646490,COc1ccc(Nc2ncc(CN3CCN(S(C)(=O)=O)CC3C)cc2-c2nc(C)nc(N)n2)cn1,c1cncc(Nc2ncc(CN3CCNCC3)cc2-c2ncncn2)c1,8.15
CHEMBL3646493,CNc1nc(C)nc(-c2cc(CN3CCN(S(C)(=O)=O)CC3)cnc2Nc2ccc(OC)nc2)n1,c1cncc(Nc2ncc(CN3CCNCC3)cc2-c2ncncn2)c1,8.15
CHEMBL2165017,COc1ccc(Nc2ncc(CN3CCN(S(C)(=O)=O)CC3)cc2-c2nc(C)nc(N)n2)cn1,c1cncc(Nc2ncc(CN3CCNCC3)cc2-c2ncncn2)c1,8.05
CHEMBL2170096,COc1ncc(Nc2ncc(CN3CCN(S(C)(=O)=O)CC3)cc2-c2nc(C)nc(N)n2)cc1F,c1cncc(Nc2ncc(CN3CCNCC3)cc2-c2ncncn2)c1,8.05
CHEMBL2170098,COc1cncc(Nc2ncc(CN3CCN(S(C)(=O)=O)CC3)cc2-c2nc(C)nc(N)n2)c1,c1cncc(Nc2ncc(CN3CCNCC3)cc2-c2ncncn2)c1,8.05
CHEMBL3646572,COc1ccc(Nc2ncc(C(C)(C)N3CCN(S(C)(=O)=O)CC3)cc2-c2nc(C)nc(N)n2)cn1,c1cncc(Nc2ncc(CN3CCNCC3)cc2-c2ncncn2)c1,7.96
CHEMBL3646491,COc1ncc(Nc2ncc(CN3CCN(C(=O)N(C)C)CC3)cc2-c2nc(C)nc(N)n2)cc1F,c1cncc(Nc2ncc(CN3CCNCC3)cc2-c2ncncn2)c1,7.96
CHEMBL3646585,COc1ncc(Nc2ncc(C(C)N3CCN(C(=O)N(C)C)CC3)cc2-c2nc(C)nc(N)n2)cc1F,c1cncc(Nc2ncc(CN3CCNCC3)cc2-c2ncncn2)c1,7.92
CHEMBL3646629,COc1ncc(Nc2ncc(CN3CCN(C(=O)N(C)C(C)C)CC3)cc2-c2nc(C)nc(N)n2)cc1F,c1cncc(Nc2ncc(CN3CCNCC3)cc2-c2ncncn2)c1,7.85
CHEMBL2170097,Cc1nc(N)nc(-c2cc(CN3CCN(S(C)(=O)=O)CC3)cnc2Nc2cncc(F)c2)n1,c1cncc(Nc2ncc(CN3CCNCC3)cc2-c2ncncn2)c1,7.82
CHEMBL3646633,Cc1nc(N)nc(-c2cc(C(C)N3CCN(S(C)(=O)=O)CC3C)cnc2Nc2ccc(Cl)nc2)n1,c1cncc(Nc2ncc(CN3CCNCC3)cc2-c2ncncn2)c1,7.82
CHEMBL2165018,COc1ccc(Nc2ncc(CN3CCN(S(=O)(=O)N(C)C)CC3)cc2-c2nc(C)nc(N)n2)cn1,c1cncc(Nc2ncc(CN3CCNCC3)cc2-c2ncncn2)c1,7.77
CHEMBL3646605,COc1cc(Nc2ncc(CN3CCN(S(C)(=O)=O)CC3C)cc2-c2nc(C)nc(N)n2)cnc1Cl,c1cncc(Nc2ncc(CN3CCNCC3)cc2-c2ncncn2)c1,7.74
CHEMBL3646620,COc1cc(Nc2ncc(C(C)N3CCN(S(C)(=O)=O)CC3)cc2-c2nc(C)nc(N)n2)cnc1Cl,c1cncc(Nc2ncc(CN3CCNCC3)cc2-c2ncncn2)c1,7.72
CHEMBL3646592,COc1ncc(Nc2ncc(C(C)N3CCN(S(C)(=O)=O)CC3)cc2-c2nc(C)nc(N)n2)cc1C(C)C,c1cncc(Nc2ncc(CN3CCNCC3)cc2-c2ncncn2)c1,7.62
CHEMBL3646630,COc1ncc(Nc2ncc(CN3CCN(C(=O)N(C)CC(F)(F)F)CC3)cc2-c2nc(C)nc(N)n2)cc1F,c1cncc(Nc2ncc(CN3CCNCC3)cc2-c2ncncn2)c1,7.62
CHEMBL3646606,Cc1nc(N)nc(-c2cc(CN3CCN(S(C)(=O)=O)CC3C)cnc2Nc2ccc(Cl)nc2)n1,c1cncc(Nc2ncc(CN3CCNCC3)cc2-c2ncncn2)c1,7.49
CHEMBL3646609,COc1ccc(Nc2ncc(C(N3CCN(S(C)(=O)=O)CC3)C(F)(F)F)cc2-c2nc(C)nc(N)n2)cn1,c1cncc(Nc2ncc(CN3CCNCC3)cc2-c2ncncn2)c1,7.47
CHEMBL3646492,Cc1nc(N)nc(-c2cc(CN3CCN(S(C)(=O)=O)CC3)cnc2Nc2cnc(O)c(F)c2)n1,c1cncc(Nc2ncc(CN3CCNCC3)cc2-c2ncncn2)c1,7.44
CHEMBL3646599,Cc1nc(N)nc(-c2cc(C(C)N3CCN(S(C)(=O)=O)CC3)cnc2Nc2ccc(Cl)nc2)n1,c1cncc(Nc2ncc(CN3CCNCC3)cc2-c2ncncn2)c1,7.36
CHEMBL3646523,CC(=O)Nc1ccc(Nc2ncc(CN3CCN(S(C)(=O)=O)CC3)cc2-c2nc(C)nc(N)n2)cn1,c1cncc(Nc2ncc(CN3CCNCC3)cc2-c2ncncn2)c1,7.28
CHEMBL2165013,COc1ccc(Nc2ncc(CN3CCNCC3)cc2-c2nc(C)nc(N)n2)cn1,c1cncc(Nc2ncc(CN3CCNCC3)cc2-c2ncncn2)c1,7.21
CHEMBL2165016,COc1ccc(Nc2ncc(CN3CCN(C(=O)N(C)C)CC3)cc2-c2nc(C)nc(N)n2)cn1,c1cncc(Nc2ncc(CN3CCNCC3)cc2-c2ncncn2)c1,7.08
CHEMBL2165015,COC(=O)N1CCN(Cc2cnc(Nc3ccc(OC)nc3)c(-c3nc(C)nc(N)n3)c2)CC1,c1cncc(Nc2ncc(CN3CCNCC3)cc2-c2ncncn2)c1,7.03
CHEMBL2170094,Cc1nc(N)nc(-c2cc(CN3CCN(S(C)(=O)=O)CC3)cnc2Nc2ccc(C(F)(F)F)nc2)n1,c1cncc(Nc2ncc(CN3CCNCC3)cc2-c2ncncn2)c1,6.89
CHEMBL2165014,COc1ccc(Nc2ncc(CN3CCN(C)CC3)cc2-c2nc(C)nc(N)n2)cn1,c1cncc(Nc2ncc(CN3CCNCC3)cc2-c2ncncn2)c1,6.59
CHEMBL3649479,Cc1nc(N)nc(-c2cc(CN3CCN(C(=O)N(C)C)CC3)cnc2Nc2cnc(O)c(F)c2)n1,c1cncc(Nc2ncc(CN3CCNCC3)cc2-c2ncncn2)c1,6.3
CHEMBL3646632,COc1ncc(Nc2ncc(C(C)N3CCN(S(C)(=O)=O)CC3C)cc2-c2nc(C)nc(N)n2)cn1,c1ncc(Nc2ncc(CN3CCNCC3)cc2-c2ncncn2)cn1,8.7
CHEMBL2170095,COc1ncc(Nc2ncc(CN3CCN(S(C)(=O)=O)CC3)cc2-c2nc(C)nc(N)n2)cn1,c1ncc(Nc2ncc(CN3CCNCC3)cc2-c2ncncn2)cn1,8.1
CHEMBL3643924,Cc1nc(N)nc(-c2cc(CN3CCN(S(C)(=O)=O)CC3)cnc2Nc2cncnc2)n1,c1ncc(Nc2ncc(CN3CCNCC3)cc2-c2ncncn2)cn1,7.77
CHEMBL3646607,COc1ncc(Nc2ncc(CN3CCN(S(C)(=O)=O)CC3C)cc2-c2nc(C)nc(N)n2)cn1,c1ncc(Nc2ncc(CN3CCNCC3)cc2-c2ncncn2)cn1,7.68
CHEMBL3646449,COc1ccc(Nc2ncc(Cc3ccc(S(C)(=O)=O)cc3)cc2-c2nc(C)nc3[nH]cnc23)cn1,c1ccc(Cc2cnc(Nc3cccnc3)c(-c3ncnc4[nH]cnc34)c2)cc1,8.7
CHEMBL3646478,COc1ccc(Nc2ncc(C(O)c3ccc(S(C)(=O)=O)cc3)cc2-c2nc(C)nc3[nH]cnc23)cn1,c1ccc(Cc2cnc(Nc3cccnc3)c(-c3ncnc4[nH]cnc34)c2)cc1,8.3
CHEMBL3646451,CC(=O)Nc1ccc(Nc2ncc(Cc3ccc(S(C)(=O)=O)cc3)cc2-c2nc(C)nc3[nH]cnc23)cn1,c1ccc(Cc2cnc(Nc3cccnc3)c(-c3ncnc4[nH]cnc34)c2)cc1,8.05
CHEMBL3649475,Cc1nc(-c2cc(Cc3ccc(S(C)(=O)=O)cc3)cnc2Nc2ccc(N)nc2)c2nc[nH]c2n1,c1ccc(Cc2cnc(Nc3cccnc3)c(-c3ncnc4[nH]cnc34)c2)cc1,7.92
CHEMBL3646517,Cc1nc(N)nc(-c2cccnc2Nc2ccc(NC(=O)Nc3ccccc3)nc2)n1,O=C(Nc1ccccc1)Nc1ccc(Nc2ncccc2-c2ncncn2)cn1,8.7
CHEMBL3646518,Cc1nc(N)nc(-c2cccnc2Nc2ccc(NC(=O)Nc3cccc(F)c3)nc2)n1,O=C(Nc1ccccc1)Nc1ccc(Nc2ncccc2-c2ncncn2)cn1,8.4
CHEMBL3646522,COCCOc1ccc(NC(=O)Nc2ccc(Nc3ncc(Cl)cc3-c3nc(C)nc(N)n3)cn2)cc1,O=C(Nc1ccccc1)Nc1ccc(Nc2ncccc2-c2ncncn2)cn1,7.8
CHEMBL3813842,CC1(C)OCCn2c1nc1c(N3CCOCC3)nc(-c3cnc(N)nc3)nc12,c1ncc(-c2nc(N3CCOCC3)c3nc4n(c3n2)CCOC4)cn1,8.7
CHEMBL3814414,Cc1nc(N)ncc1-c1nc(N2CCOCC2)c2nc3n(c2n1)CCOC3(C)C,c1ncc(-c2nc(N3CCOCC3)c3nc4n(c3n2)CCOC4)cn1,8.7
CHEMBL2178608,COC1(c2sc3c(N4CCOCC4)nc(-c4cnc(N)nc4)nc3c2C)COC1,c1ncc(-c2nc(N3CCOCC3)c3sc(C4COC4)cc3n2)cn1,8.7
CHEMBL1914710,O=S(=O)(Nc1cc(-c2ccc3ncccc3c2)cnc1Cl)c1ccc(F)cc1,O=S(=O)(Nc1cncc(-c2ccc3ncccc3c2)c1)c1ccccc1,8.68
CHEMBL1914719,CN(C)c1ccnc2ccc(-c3cnc(Cl)c(NS(=O)(=O)c4ccc(F)cc4)c3)cc12,O=S(=O)(Nc1cncc(-c2ccc3ncccc3c2)c1)c1ccccc1,8.24
CHEMBL1914718,COCCNc1ccnc2ccc(-c3cnc(Cl)c(NS(=O)(=O)c4ccc(F)cc4)c3)cc12,O=S(=O)(Nc1cncc(-c2ccc3ncccc3c2)c1)c1ccccc1,7.16
CHEMBL3701687,Cc1c(-c2cncc(F)c2)nc2ncccc2c1N1CC(C)(C)c2ncc(N3CCOCC3)cc21,c1cncc(-c2cc(N3CCc4ncc(N5CCOCC5)cc43)c3cccnc3n2)c1,8.65
CHEMBL3701672,Cc1c(-c2cccc(F)c2)nc2ncccc2c1N1CC(C)(C)c2ncc(N3CCOCC3)cc21,c1ccc(-c2cc(N3CCc4ncc(N5CCOCC5)cc43)c3cccnc3n2)cc1,8.64
CHEMBL3701665,Cc1c(-c2cc(F)cc(F)c2)nc2ncccc2c1N1CC(C)(C)c2ncc(N3CCOCC3)cc21,c1ccc(-c2cc(N3CCc4ncc(N5CCOCC5)cc43)c3cccnc3n2)cc1,8.0
CHEMBL3701674,Cc1c(-c2ccccc2)nc2ncccc2c1N1CC(C)(C)c2ncc(N3CCOCC3)cc21,c1ccc(-c2cc(N3CCc4ncc(N5CCOCC5)cc43)c3cccnc3n2)cc1,7.56
CHEMBL3701686,Cc1c(N2CC(C)(C)CC2=O)nc2cc(F)cc(F)c2c1N1CC2(CCOCC2)c2ncc(N3CCOCC3)cc21,O=C1CCCN1c1cc(N2CC3(CCOCC3)c3ncc(N4CCOCC4)cc32)c2ccccc2n1,8.64
CHEMBL3701647,Cc1c(N2CCCC2=O)nc2cc(F)cc(F)c2c1N1CC2(CCOCC2)c2ncc(N3CCOCC3)cc21,O=C1CCCN1c1cc(N2CC3(CCOCC3)c3ncc(N4CCOCC4)cc32)c2ccccc2n1,8.63
CHEMBL3701658,Cc1c(N2CCCC2=O)nc2cc(F)ccc2c1N1CC2(CCOCC2)c2ncc(N3CCOCC3)cc21,O=C1CCCN1c1cc(N2CC3(CCOCC3)c3ncc(N4CCOCC4)cc32)c2ccccc2n1,8.12
CHEMBL3698366,COc1cccc(Cc2nc3cc(F)cc(F)c3c(N3CC(C)(C)c4ncc(N5CCOCC5)cc43)c2C)c1,c1ccc(Cc2cc(N3CCc4ncc(N5CCOCC5)cc43)c3ccccc3n2)cc1,8.63
CHEMBL3698357,Cc1c(Cc2cccc(C#N)c2)nc2cc(F)cc(F)c2c1N1CC(C)(C)c2ncc(N3CCOCC3)cc21,c1ccc(Cc2cc(N3CCc4ncc(N5CCOCC5)cc43)c3ccccc3n2)cc1,8.57
CHEMBL3698355,Cc1c(Cc2cccc(F)c2)nc2cc(F)cc(F)c2c1N1CC(C)(C)c2ncc(N3CCOCC3)cc21,c1ccc(Cc2cc(N3CCc4ncc(N5CCOCC5)cc43)c3ccccc3n2)cc1,8.54
CHEMBL3698350,Cc1c(Cc2ccccc2)nc2cc(F)cc(F)c2c1N1CC(C)(C)c2ncc(N3CCOCC3)cc21,c1ccc(Cc2cc(N3CCc4ncc(N5CCOCC5)cc43)c3ccccc3n2)cc1,8.49
CHEMBL3698367,Cc1c(Cc2cccc(C(F)(F)F)c2)nc2cc(F)cc(F)c2c1N1CC(C)(C)c2ncc(N3CCOCC3)cc21,c1ccc(Cc2cc(N3CCc4ncc(N5CCOCC5)cc43)c3ccccc3n2)cc1,7.76
CHEMBL3701664,Cc1ccnc(-c2nc3ncccc3c(N3CC(C)(C)c4ncc(N5CCOCC5)cc43)c2C)c1,c1ccc(-c2cc(N3CCc4ncc(N5CCOCC5)cc43)c3cccnc3n2)nc1,8.63
CHEMBL3701660,Cc1c(-c2ccccn2)nc2ncccc2c1N1CC(C)(C)c2ncc(N3CCOCC3)cc21,c1ccc(-c2cc(N3CCc4ncc(N5CCOCC5)cc43)c3cccnc3n2)nc1,7.9
CHEMBL3701683,Cc1ccnc(-c2nc3ncccc3c(N3CC(C)(C)c4nc(Cl)c(N5CCOCC5)cc43)c2C)c1,c1ccc(-c2cc(N3CCc4ncc(N5CCOCC5)cc43)c3cccnc3n2)nc1,7.31
CHEMBL2058172,COCCNC(=O)c1nc2c(N3CCOCC3)nc(-c3cnc(N)nc3)cn2c1C,c1ncc(-c2cn3ccnc3c(N3CCOCC3)n2)cn1,8.62
CHEMBL3681077,COc1ccc(-c2ccc3ncc4[nH]c(=O)n(Cc5ccccc5)c4c3n2)cn1,O=c1[nH]c2cnc3ccc(-c4cccnc4)nc3c2n1Cc1ccccc1,8.62
CHEMBL3698300,Cc1c(-c2ccccc2S(C)(=O)=O)nc2cc(F)ccc2c1N1CC(C)(C)c2ncc(-c3ccnc(N)n3)cc21,c1ccc(-c2cc(N3CCc4ncc(-c5ccncn5)cc43)c3ccccc3n2)cc1,8.61
CHEMBL1914716,O=S(=O)(Nc1cc(-c2ccc3ncncc3c2)cnc1Cl)c1ccc(F)cc1,O=S(=O)(Nc1cncc(-c2ccc3ncncc3c2)c1)c1ccccc1,8.59
CHEMBL3701646,Cc1nc2c(Cl)cccc2c(N2CC3(CCOCC3)c3ncc(N4CCOCC4)cc32)c1C,c1ccc2c(N3CC4(CCOCC4)c4ncc(N5CCOCC5)cc43)ccnc2c1,8.57
CHEMBL3698354,Cc1c(-c2cccc3[nH]ccc23)nc2cc(F)cc(F)c2c1N1CC(C)(C)c2ncc(N3CCOCC3)cc21,c1ccc2c(N3CCc4ncc(N5CCOCC5)cc43)cc(-c3cccc4[nH]ccc34)nc2c1,8.56
CHEMBL3698351,C=C(c1ccccc1)c1nc2cc(F)cc(F)c2c(N2CC(C)(C)c3ncc(N4CCOCC4)cc32)c1C,C=C(c1ccccc1)c1cc(N2CCc3ncc(N4CCOCC4)cc32)c2ccccc2n1,8.54
CHEMBL3681065,Cn1c(=O)n(C2CCC(C(=O)OCc3ccccc3)CC2)c2c3nc(-c4cnc5ccccc5c4)ccc3ncc21,O=C(OCc1ccccc1)C1CCC(n2c(=O)[nH]c3cnc4ccc(-c5cnc6ccccc6c5)nc4c32)CC1,8.54
CHEMBL3681064,O=C(OCc1ccccc1)C1CCC(n2c(=O)[nH]c3cnc4ccc(-c5cnc6ccccc6c5)nc4c32)CC1,O=C(OCc1ccccc1)C1CCC(n2c(=O)[nH]c3cnc4ccc(-c5cnc6ccccc6c5)nc4c32)CC1,8.11
CHEMBL3814925,Cn1c(C2(O)COC2)nc2c(N3CCOCC3)nc(-c3cnc(N)nc3)nc21,c1ncc(-c2nc(N3CCOCC3)c3nc(C4COC4)[nH]c3n2)cn1,8.52
CHEMBL3815084,COC1(c2nc3c(N4CCOCC4)nc(-c4cnc(N)nc4)nc3n2C)COC1,c1ncc(-c2nc(N3CCOCC3)c3nc(C4COC4)[nH]c3n2)cn1,8.3
CHEMBL3814544,Cn1c(C2CCC2)nc2c(N3CCOCC3)nc(-c3cnc(N)nc3)nc21,c1ncc(-c2nc(N3CCOCC3)c3nc(C4CCC4)[nH]c3n2)cn1,8.52
CHEMBL3698370,Cc1cncc(-c2nc3cc(F)cc(F)c3c(N3CC(C)(C)c4ncc(N5CCOCC5)cc43)c2C)c1,c1cncc(-c2cc(N3CCc4ncc(N5CCOCC5)cc43)c3ccccc3n2)c1,8.52
CHEMBL3698291,Cc1ncccc1-c1nc2cc(F)ccc2c(N2CC(C)(C)c3ncc(N4CCOCC4)cc32)c1C,c1cncc(-c2cc(N3CCc4ncc(N5CCOCC5)cc43)c3ccccc3n2)c1,8.39
CHEMBL3698369,Cc1c(-c2cncc(F)c2)nc2cc(F)cc(F)c2c1N1CC(C)(C)c2ncc(N3CCOCC3)cc21,c1cncc(-c2cc(N3CCc4ncc(N5CCOCC5)cc43)c3ccccc3n2)c1,8.28
CHEMBL3701637,Cc1c(-c2cncc(S(C)(=O)=O)c2)nc2cc(F)cc(F)c2c1N1CC(C)(C)c2ncc(N3CCOCC3)cc21,c1cncc(-c2cc(N3CCc4ncc(N5CCOCC5)cc43)c3ccccc3n2)c1,7.78
CHEMBL3646575,COc1ncc(Nc2ncc(C(C)N3CCN(S(C)(=O)=O)CC3)nc2-c2cc(N)nc(C)n2)cc1F,c1cncc(Nc2ncc(CN3CCNCC3)nc2-c2ccncn2)c1,8.52
CHEMBL3646578,COc1ccc(Nc2ncc(C(C)N3CCN(S(C)(=O)=O)CC3)nc2-c2cc(N)nc(C)n2)cn1,c1cncc(Nc2ncc(CN3CCNCC3)nc2-c2ccncn2)c1,7.96
CHEMBL3646618,Cc1nc(-c2cc(C(C)N3CCOCC3)cnc2Nc2cnc(Cl)c(NS(C)(=O)=O)c2)c2nc[nH]c2n1,c1cncc(Nc2ncc(CN3CCOCC3)cc2-c2ncnc3[nH]cnc23)c1,8.52
CHEMBL3646619,Cc1nc(-c2cc(C(C)N3CCOCC3)cnc2Nc2cnc(Cl)c(NS(=O)(=O)N(C)C)c2)c2nc[nH]c2n1,c1cncc(Nc2ncc(CN3CCOCC3)cc2-c2ncnc3[nH]cnc23)c1,8.4
CHEMBL3646450,Cc1nc(-c2cc(Cc3ccc(S(C)(=O)=O)cc3)cnc2Nc2cccc3[nH]ncc23)c2nc[nH]c2n1,c1ccc(Cc2cnc(Nc3cccc4[nH]ncc34)c(-c3ncnc4[nH]cnc34)c2)cc1,8.52
CHEMBL1914735,O=S(=O)(Nc1cc(-c2ccc3ncc(NCCN4CCCCC4)nc3c2)cnc1Cl)c1ccc(F)cc1,O=S(=O)(Nc1cncc(-c2ccc3ncc(NCCN4CCCCC4)nc3c2)c1)c1ccccc1,8.51
CHEMBL3701666,COC(=O)N1CCN(c2nc3cc(F)cc(F)c3c(N3CC4(CCOCC4)c4ncc(N5CCOCC5)cc43)c2C)CC1,c1ccc2c(N3CC4(CCOCC4)c4ncc(N5CCOCC5)cc43)cc(N3CCNCC3)nc2c1,8.51
CHEMBL3701684,CNC(=O)N1CCN(c2nc3cc(F)cc(F)c3c(N3CC4(CCOCC4)c4ncc(N5CCOCC5)cc43)c2C)CC1,c1ccc2c(N3CC4(CCOCC4)c4ncc(N5CCOCC5)cc43)cc(N3CCNCC3)nc2c1,8.5
CHEMBL3701669,Cc1c(N2CCNCC2)nc2cc(F)cc(F)c2c1N1CC2(CCOCC2)c2ncc(N3CCOCC3)cc21,c1ccc2c(N3CC4(CCOCC4)c4ncc(N5CCOCC5)cc43)cc(N3CCNCC3)nc2c1,7.91
CHEMBL2206921,Cc1nc(N)nc(-c2cc(Cl)cnc2Nc2cnc(Cl)c(NS(=O)(=O)N(C)C)c2)n1,c1cncc(Nc2ncccc2-c2ncncn2)c1,8.5
CHEMBL2206918,Cc1nc(N)nc(-c2cc(Cl)cnc2Nc2cnc(Cl)c(NS(C)(=O)=O)c2)n1,c1cncc(Nc2ncccc2-c2ncncn2)c1,8.46
CHEMBL3357868,COc1ncc(Nc2ncc(C(C)(C)O)cc2-c2nc(C)nc(N)n2)cc1F,c1cncc(Nc2ncccc2-c2ncncn2)c1,8.4
CHEMBL3646601,COc1ncc(Nc2ncc(C(C)CO)cc2-c2nc(C)nc(N)n2)cc1F,c1cncc(Nc2ncccc2-c2ncncn2)c1,8.3
CHEMBL2206906,COCCOc1cnc(Nc2cnc(Cl)c(NS(C)(=O)=O)c2)c(-c2nc(C)nc(N)n2)c1,c1cncc(Nc2ncccc2-c2ncncn2)c1,8.12
CHEMBL3357872,COc1ncc(Nc2ncc(C(C)(C)CO)cc2-c2nc(C)nc(N)n2)cc1F,c1cncc(Nc2ncccc2-c2ncncn2)c1,8.1
CHEMBL2206903,COc1cnc(Nc2cnc(Cl)c(NS(C)(=O)=O)c2)c(-c2nc(C)nc(N)n2)c1,c1cncc(Nc2ncccc2-c2ncncn2)c1,8.09
CHEMBL2206915,Cc1nc(N)nc(-c2cccnc2Nc2cnc(Cl)c(NS(=O)(=O)N(C)C)c2)n1,c1cncc(Nc2ncccc2-c2ncncn2)c1,7.96
CHEMBL3357875,COc1ncc(Nc2ncc(C(C)(C)O)cc2-c2nc(C)nc(N)n2)cc1C,c1cncc(Nc2ncccc2-c2ncncn2)c1,7.92
CHEMBL2206904,COc1cnc(Nc2cnc(Cl)c(NS(=O)(=O)N(C)C)c2)c(-c2nc(C)nc(N)n2)c1,c1cncc(Nc2ncccc2-c2ncncn2)c1,7.91
CHEMBL3646514,COc1ncc(Nc2ncc(C=O)cc2-c2nc(C)nc(N)n2)cc1F,c1cncc(Nc2ncccc2-c2ncncn2)c1,7.89
CHEMBL3358288,COc1cncc(Nc2ncc(C(C)(C)O)cc2-c2nc(C)nc(N)n2)c1,c1cncc(Nc2ncccc2-c2ncncn2)c1,7.82
CHEMBL3357867,COc1ncc(Nc2ncc(C(O)C(F)(F)F)cc2-c2nc(C)nc(N)n2)cc1F,c1cncc(Nc2ncccc2-c2ncncn2)c1,7.77
CHEMBL3357863,COc1ncc(Nc2ncccc2-c2nc(C)nc(N)n2)cc1F,c1cncc(Nc2ncccc2-c2ncncn2)c1,7.72
CHEMBL3358287,COc1cc(Nc2ncc(C(C)(C)O)cc2-c2nc(C)nc(N)n2)cnc1OC,c1cncc(Nc2ncccc2-c2ncncn2)c1,7.72
CHEMBL2206913,Cc1nc(N)nc(-c2cccnc2Nc2cnc(Cl)c(NS(C)(=O)=O)c2)n1,c1cncc(Nc2ncccc2-c2ncncn2)c1,7.7
CHEMBL3646488,COCCNC(=O)c1cnc(Nc2ccc(OC)nc2)c(-c2nc(C)nc(N)n2)c1,c1cncc(Nc2ncccc2-c2ncncn2)c1,7.68
CHEMBL3646512,COc1ncc(Nc2ncc(F)cc2-c2nc(C)nc(N)n2)cc1F,c1cncc(Nc2ncccc2-c2ncncn2)c1,7.66
CHEMBL3357874,Cc1nc(N)nc(-c2cc(C(C)(C)O)cnc2Nc2cncc(F)c2)n1,c1cncc(Nc2ncccc2-c2ncncn2)c1,7.64
CHEMBL3646621,COc1cc(Nc2ncc(C(C)(C)O)cc2-c2nc(C)nc(N)n2)cnc1Cl,c1cncc(Nc2ncccc2-c2ncncn2)c1,7.6
CHEMBL2206901,COCCN(C)S(=O)(=O)Nc1cc(Nc2ncc(Cl)cc2-c2nc(C)nc(N)n2)cnc1Cl,c1cncc(Nc2ncccc2-c2ncncn2)c1,7.54
CHEMBL3646524,COc1ncc(Nc2nc(C)ccc2-c2nc(C)nc(N)n2)cc1F,c1cncc(Nc2ncccc2-c2ncncn2)c1,7.48
CHEMBL2206916,Cc1nc(N)nc(-c2cccnc2Nc2cnc(Cl)c(NS(=O)(=O)N(C)C(C)C)c2)n1,c1cncc(Nc2ncccc2-c2ncncn2)c1,7.36
CHEMBL3646571,COc1ncc(Nc2ncc(C(C)(C)N)cc2-c2nc(C)nc(N)n2)cc1F,c1cncc(Nc2ncccc2-c2ncncn2)c1,7.35
CHEMBL3646563,COc1ccc(Nc2ncc(OC(F)F)cc2-c2nc(C)nc(N)n2)cn1,c1cncc(Nc2ncccc2-c2ncncn2)c1,7.33
CHEMBL2165027,COCc1cnc(Nc2ccc(OC)nc2)c(-c2nc(C)nc(N)n2)c1,c1cncc(Nc2ncccc2-c2ncncn2)c1,7.31
CHEMBL2165025,COc1cnc(Nc2ccc(OC)nc2)c(-c2nc(C)nc(N)n2)c1,c1cncc(Nc2ncccc2-c2ncncn2)c1,7.26
CHEMBL3646615,COCCOc1cnc(Nc2cnc(OC)c(NS(C)(=O)=O)c2)c(-c2nc(C)nc(N)n2)c1,c1cncc(Nc2ncccc2-c2ncncn2)c1,7.26
CHEMBL3646570,COc1ccc(Nc2ncc(C(C)(C)N)cc2-c2nc(C)nc(N)n2)cn1,c1cncc(Nc2ncccc2-c2ncncn2)c1,7.25
CHEMBL3646611,COc1ccc(Nc2ncc(C(N)C(F)(F)F)cc2-c2nc(C)nc(N)n2)cn1,c1cncc(Nc2ncccc2-c2ncncn2)c1,7.23
CHEMBL3646627,COc1ncc(Nc2ncc(C(C)O)cc2-c2nc(C)nc(N)n2)cc1F,c1cncc(Nc2ncccc2-c2ncncn2)c1,7.23
CHEMBL3646503,COc1ncc(Nc2ncccc2-c2nc(C)nc(N)n2)cc1Cl,c1cncc(Nc2ncccc2-c2ncncn2)c1,7.22
CHEMBL3646589,COc1ncc(Nc2ncc(C(C)NC(C)C)cc2-c2nc(C)nc(N)n2)cc1F,c1cncc(Nc2ncccc2-c2ncncn2)c1,7.21
CHEMBL2165026,COc1ccc(Nc2ncc(CO)cc2-c2nc(C)nc(N)n2)cn1,c1cncc(Nc2ncccc2-c2ncncn2)c1,7.2
CHEMBL3646526,COc1ncc(Nc2nc(COCC(F)(F)F)ccc2-c2nc(C)nc(N)n2)cc1F,c1cncc(Nc2ncccc2-c2ncncn2)c1,7.17
CHEMBL3646614,COc1ncc(Nc2ncc(C(C)N)cc2-c2nc(C)nc(N)n2)cc1F,c1cncc(Nc2ncccc2-c2ncncn2)c1,7.16
CHEMBL3649468,COCCOc1cnc(Nc2cnc(C)c(NS(C)(=O)=O)c2)c(-c2nc(C)nc(N)n2)c1,c1cncc(Nc2ncccc2-c2ncncn2)c1,7.15
CHEMBL3646626,COc1ncc(Nc2ncc(C(O)C(C)(C)O)cc2-c2nc(C)nc(N)n2)cc1F,c1cncc(Nc2ncccc2-c2ncncn2)c1,7.12
CHEMBL3646520,CC(=O)Nc1ccc(Nc2ncc(Cl)cc2-c2nc(C)nc(N)n2)cn1,c1cncc(Nc2ncccc2-c2ncncn2)c1,7.1
CHEMBL3646560,COCCOc1ccc(-c2nc(C)nc(N)n2)c(Nc2cnc(OC)c(F)c2)n1,c1cncc(Nc2ncccc2-c2ncncn2)c1,7.09
CHEMBL2206919,Cc1nc(N)nc(-c2cc(Cl)cnc2Nc2cnc(C)c(NS(C)(=O)=O)c2)n1,c1cncc(Nc2ncccc2-c2ncncn2)c1,6.98
CHEMBL2165269,COc1ccc(Nc2ncccc2-c2nc(C)nc(N)n2)cn1,c1cncc(Nc2ncccc2-c2ncncn2)c1,6.97
CHEMBL3646591,CCC(N)(CC)c1cnc(Nc2cnc(OC)c(F)c2)c(-c2nc(C)nc(N)n2)c1,c1cncc(Nc2ncccc2-c2ncncn2)c1,6.96
CHEMBL2165022,COc1ccc(Nc2ncc(Cl)cc2-c2nc(C)nc(N)n2)cn1,c1cncc(Nc2ncccc2-c2ncncn2)c1,6.95
CHEMBL3646608,COc1ccc(Nc2ncc(C(C)(O)C(F)(F)F)cc2-c2nc(C)nc(N)n2)cn1,c1cncc(Nc2ncccc2-c2ncncn2)c1,6.91
CHEMBL3646536,COc1ccc(Nc2ncc(CNCCO)cc2-c2nc(C)nc(N)n2)cn1,c1cncc(Nc2ncccc2-c2ncncn2)c1,6.87
CHEMBL3646521,COC(=O)Nc1ccc(Nc2ncc(Cl)cc2-c2nc(C)nc(N)n2)cn1,c1cncc(Nc2ncccc2-c2ncncn2)c1,6.82
CHEMBL3643931,Cc1nc(N)nc(-c2cccnc2Nc2ccc(Cl)nc2)n1,c1cncc(Nc2ncccc2-c2ncncn2)c1,6.8
CHEMBL3646527,Cc1ccc(-c2nc(C)nc(N)n2)c(Nc2cncc(F)c2)n1,c1cncc(Nc2ncccc2-c2ncncn2)c1,6.74
CHEMBL3358285,Cc1nc(N)nc(-c2cc(C(C)(C)O)cnc2Nc2cncc(S(C)(=O)=O)c2)n1,c1cncc(Nc2ncccc2-c2ncncn2)c1,6.72
CHEMBL3643921,Cc1cnc(Nc2cccnc2)c(-c2nc(C)nc(N)n2)c1,c1cncc(Nc2ncccc2-c2ncncn2)c1,6.72
CHEMBL3357876,COc1ncc(Nc2ncc(C(C)(C)O)cc2-c2nc(C)nc(N)n2)cc1C(F)(F)F,c1cncc(Nc2ncccc2-c2ncncn2)c1,6.68
CHEMBL2165024,COc1ccc(Nc2ncc(C)cc2-c2nc(C)nc(N)n2)cn1,c1cncc(Nc2ncccc2-c2ncncn2)c1,6.62
CHEMBL2165023,COc1ccc(Nc2ncc(Br)cc2-c2nc(C)nc(N)n2)cn1,c1cncc(Nc2ncccc2-c2ncncn2)c1,6.61
CHEMBL3646635,COc1cnc(Nc2cnc(Cl)c(N)c2)c(-c2nc(C)nc(N)n2)c1,c1cncc(Nc2ncccc2-c2ncncn2)c1,6.57
CHEMBL3649469,Cc1nc(N)nc(-c2cccnc2Nc2cnc(C)c(NS(C)(=O)=O)c2)n1,c1cncc(Nc2ncccc2-c2ncncn2)c1,6.55
CHEMBL2165028,COCCNCc1cnc(Nc2ccc(OC)nc2)c(-c2nc(C)nc(N)n2)c1,c1cncc(Nc2ncccc2-c2ncncn2)c1,6.55
CHEMBL2206910,Cc1nc(N)nc(-c2cc(Cl)cnc2Nc2cnc(Cl)c(N(C)S(C)(=O)=O)c2)n1,c1cncc(Nc2ncccc2-c2ncncn2)c1,6.51
CHEMBL2206911,Cc1nc(N)nc(-c2cccnc2Nc2cnc(Cl)c(N)c2)n1,c1cncc(Nc2ncccc2-c2ncncn2)c1,6.47
CHEMBL3646537,COc1ccc(Nc2ncc(CNC(C)CO)cc2-c2nc(C)nc(N)n2)cn1,c1cncc(Nc2ncccc2-c2ncncn2)c1,6.45
CHEMBL3646625,COc1ncc(Nc2ncc(C(C)(C)C(=O)O)cc2-c2nc(C)nc(N)n2)cc1F,c1cncc(Nc2ncccc2-c2ncncn2)c1,6.42
CHEMBL3646516,COCCNc1nc(C)nc(-c2cc(Cl)cnc2Nc2cnc(OC)c(F)c2)n1,c1cncc(Nc2ncccc2-c2ncncn2)c1,6.39
CHEMBL3646558,Cc1nc(N)nc(-c2cc(Cl)cnc2Nc2cncc(F)c2)n1,c1cncc(Nc2ncccc2-c2ncncn2)c1,6.37
CHEMBL3646504,Cc1cncc(Nc2ncccc2-c2nc(C)nc(N)n2)c1,c1cncc(Nc2ncccc2-c2ncncn2)c1,6.34
CHEMBL3643928,CCOc1ccc(Nc2ncccc2-c2nc(C)nc(N)n2)cn1,c1cncc(Nc2ncccc2-c2ncncn2)c1,6.3
CHEMBL3646519,Cc1nc(N)nc(-c2cccnc2Nc2ccc(NC(=O)NC(C)C)nc2)n1,c1cncc(Nc2ncccc2-c2ncncn2)c1,6.16
CHEMBL3646593,CCS(=O)(=O)c1cnc(Nc2cnc(OC)c(F)c2)c(-c2nc(C)nc(N)n2)c1,c1cncc(Nc2ncccc2-c2ncncn2)c1,6.09
CHEMBL3646513,Cc1nc(N)nc(-c2cc(F)cnc2Nc2cncc(F)c2)n1,c1cncc(Nc2ncccc2-c2ncncn2)c1,6.07
CHEMBL3698365,Cc1c(N2CCCCC2=O)nc2cc(F)cc(F)c2c1N1CC(C)(C)c2ncc(N3CCOCC3)cc21,O=C1CCCCN1c1cc(N2CCc3ncc(N4CCOCC4)cc32)c2ccccc2n1,8.5
CHEMBL1822060,CC(=O)Nc1nc2ccc(-c3cnc(Cl)c(NS(=O)(=O)c4ccc(F)cc4)c3)cc2[nH]1,O=S(=O)(Nc1cncc(-c2ccc3nc[nH]c3c2)c1)c1ccccc1,8.48
CHEMBL1822209,O=S(=O)(Nc1cc(-c2ccc3nc[nH]c3c2)cnc1Cl)c1ccc(F)cc1,O=S(=O)(Nc1cncc(-c2ccc3nc[nH]c3c2)c1)c1ccccc1,7.17
CHEMBL1822208,Nc1nc2ccc(-c3cnc(Cl)c(NS(=O)(=O)c4ccc(F)cc4)c3)cc2[nH]1,O=S(=O)(Nc1cncc(-c2ccc3nc[nH]c3c2)c1)c1ccccc1,6.92
CHEMBL1914733,O=S(=O)(Nc1cc(-c2ccc3ncc(NCC4CCCNC4)nc3c2)cnc1Cl)c1ccc(F)cc1,O=S(=O)(Nc1cncc(-c2ccc3ncc(NCC4CCCNC4)nc3c2)c1)c1ccccc1,8.48
CHEMBL2171930,Cc1c(-c2ccccn2)nc2cc(F)ccc2c1N1CC(C)(C)c2ncc(-c3ccnc(N)n3)cc21,c1ccc(-c2cc(N3CCc4ncc(-c5ccncn5)cc43)c3ccccc3n2)nc1,8.48
CHEMBL3698307,Cc1c(-c2ccccn2)nc2cccc(F)c2c1N1CC(C)(C)c2ncc(N3CCOCC3)cc21,c1ccc(-c2cc(N3CCc4ncc(N5CCOCC5)cc43)c3ccccc3n2)nc1,8.48
CHEMBL3698312,Cc1c(-c2ccccn2)nc2c(C)ccc(F)c2c1N1CC(C)(C)c2ncc(N3CCOCC3)cc21,c1ccc(-c2cc(N3CCc4ncc(N5CCOCC5)cc43)c3ccccc3n2)nc1,8.39
CHEMBL3698364,Cc1ccnc(-c2nc3cc(F)ccc3c(N3CC(C)(C)c4ncc(N5CCOCC5)cc43)c2C)c1,c1ccc(-c2cc(N3CCc4ncc(N5CCOCC5)cc43)c3ccccc3n2)nc1,8.38
CHEMBL3698289,CC(C)c1c(-c2ccccn2)nc2cc(F)ccc2c1N1CC(C)(C)c2ncc(N3CCOCC3)cc21,c1ccc(-c2cc(N3CCc4ncc(N5CCOCC5)cc43)c3ccccc3n2)nc1,8.23
CHEMBL2171929,Cc1c(-c2ccccn2)nc2cc(F)ccc2c1N1CC(C)(C)c2ncc(N3CCOCC3)cc21,c1ccc(-c2cc(N3CCc4ncc(N5CCOCC5)cc43)c3ccccc3n2)nc1,8.17
CHEMBL3701681,Cc1c(-c2ccccn2)nc2cc(F)ccc2c1N1CC(C)(C)c2nc(Br)c(N3CCOCC3)cc21,c1ccc(-c2cc(N3CCc4ncc(N5CCOCC5)cc43)c3ccccc3n2)nc1,7.88
CHEMBL3698368,Cc1ccnc(-c2nc3cc(F)cc(F)c3c(N3CC(C)(C)c4ncc(N5CCOCC5)cc43)c2C)c1,c1ccc(-c2cc(N3CCc4ncc(N5CCOCC5)cc43)c3ccccc3n2)nc1,7.74
CHEMBL3701682,Cc1c(-c2ccccn2)nc2cc(F)ccc2c1N1CC(C)(C)c2nc(C#N)c(N3CCOCC3)cc21,c1ccc(-c2cc(N3CCc4ncc(N5CCOCC5)cc43)c3ccccc3n2)nc1,7.48
CHEMBL3640005,Cc1c(-c2ccccn2)nc2cc(F)ccc2c1N1CC(C)(C)c2nc(Cl)c(N3CCOCC3)cc21,c1ccc(-c2cc(N3CCc4ncc(N5CCOCC5)cc43)c3ccccc3n2)nc1,7.16
CHEMBL3698313,CC1(C)CN(c2c(C#N)c(-c3ccccn3)nc3cc(F)ccc23)c2cc(N3CCOCC3)cnc21,c1ccc(-c2cc(N3CCc4ncc(N5CCOCC5)cc43)c3ccccc3n2)nc1,6.36
CHEMBL3681101,Cc1ccc(-c2ccc3ncc4c(c3n2)n(C2CCN(c3ncccn3)CC2)c(=O)n4C)cn1,O=c1[nH]c2cnc3ccc(-c4cccnc4)nc3c2n1C1CCN(c2ncccn2)CC1,8.45
CHEMBL3649429,O=S(=O)(Nc1cc(-c2cnc3ccc(N4CCOCC4)cn23)cnc1Cl)c1ccc(F)cc1,O=S(=O)(Nc1cncc(-c2cnc3ccc(N4CCOCC4)cn23)c1)c1ccccc1,8.4
CHEMBL3646557,COc1ncc(Nc2nc(-c3cccnc3)ccc2-c2nc(C)nc(N)n2)cc1F,c1cncc(Nc2nc(-c3cccnc3)ccc2-c2ncncn2)c1,8.4
CHEMBL3646556,COc1ccc(Nc2nc(-c3cccnc3)ccc2-c2nc(C)nc(N)n2)cn1,c1cncc(Nc2nc(-c3cccnc3)ccc2-c2ncncn2)c1,7.17
CHEMBL3646584,Cc1nc(N)nc(-c2cc(C(C)N3CCN(S(C)(=O)=O)CC3C)cnc2Nc2ccc3scnc3c2)n1,c1ncnc(-c2cc(CN3CCNCC3)cnc2Nc2ccc3scnc3c2)n1,8.4
CHEMBL3646546,Cc1nc(N)nc(-c2cc(CN3CCN(S(C)(=O)=O)CC3)cnc2Nc2ccc3scnc3c2)n1,c1ncnc(-c2cc(CN3CCNCC3)cnc2Nc2ccc3scnc3c2)n1,8.1
CHEMBL3646582,Cc1nc(N)nc(-c2cc(C(C)N3CCN(S(C)(=O)=O)CC3)cnc2Nc2ccc3scnc3c2)n1,c1ncnc(-c2cc(CN3CCNCC3)cnc2Nc2ccc3scnc3c2)n1,7.62
CHEMBL3646581,Cc1nc(N)nc(-c2cc(C(C)N3CCN(C(=O)N(C)C)CC3)cnc2Nc2ccc3scnc3c2)n1,c1ncnc(-c2cc(CN3CCNCC3)cnc2Nc2ccc3scnc3c2)n1,7.22
CHEMBL3357869,COc1ncc(Nc2ncc(C3(O)CC3)cc2-c2nc(C)nc(N)n2)cc1F,c1cncc(Nc2ncc(C3CC3)cc2-c2ncncn2)c1,8.4
CHEMBL3646590,COc1ncc(Nc2ncc(C3(N)CC3)cc2-c2nc(C)nc(N)n2)cc1F,c1cncc(Nc2ncc(C3CC3)cc2-c2ncncn2)c1,7.13
CHEMBL3643923,Cc1nc(N)nc(-c2cc(CN3CCN(S(C)(=O)=O)CC3)cnc2Nc2cccc3[nH]ncc23)n1,c1cc(Nc2ncc(CN3CCNCC3)cc2-c2ncncn2)c2cn[nH]c2c1,8.4
CHEMBL3646550,Cc1nc(N)nc(-c2cc(CN3CCN(S(C)(=O)=O)CC3)cnc2Nc2cc(F)cc3[nH]ncc23)n1,c1cc(Nc2ncc(CN3CCNCC3)cc2-c2ncncn2)c2cn[nH]c2c1,8.1
CHEMBL3681139,CC(=O)N1CCC(n2c(=O)n(C)c3cnc4ccc(-c5cnn(C)c5)nc4c32)CC1,O=c1[nH]c2cnc3ccc(-c4cn[nH]c4)nc3c2n1C1CCNCC1,8.39
CHEMBL3681137,Cn1cc(-c2ccc3ncc4c(c3n2)n(C2CCN(CC(N)=O)CC2)c(=O)n4C)cn1,O=c1[nH]c2cnc3ccc(-c4cn[nH]c4)nc3c2n1C1CCNCC1,8.33
CHEMBL3681141,Cn1cc(-c2ccc3ncc4c(c3n2)n(C2CCN(C(=O)C(C)(C)O)CC2)c(=O)n4C)cn1,O=c1[nH]c2cnc3ccc(-c4cn[nH]c4)nc3c2n1C1CCNCC1,8.33
CHEMBL3681138,CC(C)C(=O)CN1CCC(n2c(=O)n(C)c3cnc4ccc(-c5cnn(C)c5)nc4c32)CC1,O=c1[nH]c2cnc3ccc(-c4cn[nH]c4)nc3c2n1C1CCNCC1,7.83
CHEMBL3681143,CNC(=O)N1CCC(n2c(=O)n(C)c3cnc4ccc(-c5cnn(C)c5)nc4c32)CC1,O=c1[nH]c2cnc3ccc(-c4cn[nH]c4)nc3c2n1C1CCNCC1,7.58
CHEMBL3681152,Cn1c(=O)n(C2CCNCC2)c2c3nc(-c4cnn(CCO)c4)ccc3ncc21,O=c1[nH]c2cnc3ccc(-c4cn[nH]c4)nc3c2n1C1CCNCC1,7.28
CHEMBL3681103,Cn1c(=O)n(C2CCC(O)CC2)c2c3nc(-c4cn[nH]c4)ccc3ncc21,O=c1[nH]c2cnc3ccc(-c4cn[nH]c4)nc3c2n1C1CCCCC1,8.38
CHEMBL3681105,Cn1cc(-c2ccc3ncc4c(c3n2)n(C2CCC(O)CC2)c(=O)n4C)cn1,O=c1[nH]c2cnc3ccc(-c4cn[nH]c4)nc3c2n1C1CCCCC1,8.13
CHEMBL3681100,Cn1c(=O)n(C2CCC(C(N)=O)CC2)c2c3nc(-c4cnn(CCO)c4)ccc3ncc21,O=c1[nH]c2cnc3ccc(-c4cn[nH]c4)nc3c2n1C1CCCCC1,7.79
CHEMBL3681097,Cn1cc(-c2ccc3ncc4c(c3n2)n(C2CCC(C(N)=O)CC2)c(=O)n4C)cn1,O=c1[nH]c2cnc3ccc(-c4cn[nH]c4)nc3c2n1C1CCCCC1,7.63
CHEMBL3701675,Cc1c(-c2ccccc2)nc2ncccc2c1N1CC2(CCOCC2)c2ncc(N3CCOCC3)cc21,c1ccc(-c2cc(N3CC4(CCOCC4)c4ncc(N5CCOCC5)cc43)c3cccnc3n2)cc1,8.36
CHEMBL3701673,Cc1c(-c2cccc(F)c2)nc2ncccc2c1N1CC2(CCOCC2)c2ncc(N3CCOCC3)cc21,c1ccc(-c2cc(N3CC4(CCOCC4)c4ncc(N5CCOCC5)cc43)c3cccnc3n2)cc1,8.27
CHEMBL3701691,Cc1c(-c2cc(F)cc(F)c2)nc2ncccc2c1N1CC2(CCOCC2)c2ncc(N3CCOCC3)cc21,c1ccc(-c2cc(N3CC4(CCOCC4)c4ncc(N5CCOCC5)cc43)c3cccnc3n2)cc1,7.49
CHEMBL3681160,Cn1c(=O)n(C2CCC(O)CC2)c2c3nc(-c4cccc5[nH]ccc45)ccc3ncc21,O=c1[nH]c2cnc3ccc(-c4cccc5[nH]ccc45)nc3c2n1C1CCCCC1,8.36
CHEMBL3698299,Cc1c(-c2ccccc2S(C)(=O)=O)nc2cc(F)ccc2c1N1CC(C)(C)c2ccc(N3CCOCC3)cc21,c1ccc(-c2cc(N3CCc4ccc(N5CCOCC5)cc43)c3ccccc3n2)cc1,8.35
CHEMBL3698308,Cc1c(-c2cc(F)ccc2F)nc2cc(F)ccc2c1N1CC(C)(C)c2ccc(N3CCOCC3)cc21,c1ccc(-c2cc(N3CCc4ccc(N5CCOCC5)cc43)c3ccccc3n2)cc1,7.69
CHEMBL2171935,Cc1c(-c2ccccc2F)nc2ccccc2c1N1CC(C)(C)c2ccc(N3CCOCC3)cc21,c1ccc(-c2cc(N3CCc4ccc(N5CCOCC5)cc43)c3ccccc3n2)cc1,7.33
CHEMBL2171934,Cc1c(-c2ccccc2)nc2ccccc2c1N1CC(C)(C)c2ccc(N3CCOCC3)cc21,c1ccc(-c2cc(N3CCc4ccc(N5CCOCC5)cc43)c3ccccc3n2)cc1,7.07
CHEMBL3698285,Cc1c(-c2cccc(C#N)c2)nc2cc(F)ccc2c1N1CC(C)(C)c2ccc(N3CCOCC3)cc21,c1ccc(-c2cc(N3CCc4ccc(N5CCOCC5)cc43)c3ccccc3n2)cc1,6.81
CHEMBL3698349,Cc1c(-c2ccccc2F)nc2cc(F)ccc2c1N1CC(C)(C)c2ccc(N3CCOCC3)cc21,c1ccc(-c2cc(N3CCc4ccc(N5CCOCC5)cc43)c3ccccc3n2)cc1,6.71
CHEMBL3698311,Cc1c(-c2ccccc2F)nc2cccc(Cl)c2c1N1CC(C)(C)c2ccc(N3CCOCC3)cc21,c1ccc(-c2cc(N3CCc4ccc(N5CCOCC5)cc43)c3ccccc3n2)cc1,6.05
CHEMBL3681170,CC(=O)N1CCC(n2c(=O)n(C)c3cnc4ccc(-c5ccnc6ncccc56)nc4c32)CC1,O=c1[nH]c2cnc3ccc(-c4ccnc5ncccc45)nc3c2n1C1CCNCC1,8.35
CHEMBL3701645,Cc1c(-n2ccccc2=O)nc2cc(F)cc(F)c2c1N1CC2(CCOCC2)c2ccc(N3CCOCC3)cc21,O=c1ccccn1-c1cc(N2CC3(CCOCC3)c3ccc(N4CCOCC4)cc32)c2ccccc2n1,8.33
CHEMBL2165030,COc1ccc(Nc2ncc(C3=CCOCC3)cc2-c2nc(C)nc(N)n2)cn1,C1=C(c2cnc(Nc3cccnc3)c(-c3ncncn3)c2)CCOC1,8.3
CHEMBL3646622,COc1ncc(Nc2ncc(C3=CCOCC3)cc2-c2nc(C)nc(N)n2)cc1F,C1=C(c2cnc(Nc3cccnc3)c(-c3ncncn3)c2)CCOC1,8.3
CHEMBL3649437,CS(=O)(=O)Nc1cc(-c2cnc3cc(-c4cccnc4)ccn23)cnc1Cl,c1cncc(-c2ccn3c(-c4cccnc4)cnc3c2)c1,8.3
CHEMBL3649439,CN(C)S(=O)(=O)Nc1cc(-c2cnc3cc(-c4cccnc4)ccn23)cnc1Cl,c1cncc(-c2ccn3c(-c4cccnc4)cnc3c2)c1,7.68
CHEMBL3646617,Cc1nc(-c2cccnc2Nc2cnc(Cl)c(NS(C)(=O)=O)c2)c2nc[nH]c2n1,c1cncc(Nc2ncccc2-c2ncnc3[nH]cnc23)c1,8.3
CHEMBL3643939,CCc1cnc(Nc2ccc(OC)nc2)c(-c2nc(C)nc3[nH]cnc23)c1,c1cncc(Nc2ncccc2-c2ncnc3[nH]cnc23)c1,7.96
CHEMBL3646467,COc1ccc(Nc2ncc(Cl)cc2-c2nc(C)nc3[nH]cnc23)cn1,c1cncc(Nc2ncccc2-c2ncnc3[nH]cnc23)c1,7.96
CHEMBL3643940,COc1ccc(Nc2ncc(CCO)cc2-c2nc(C)nc3[nH]cnc23)cn1,c1cncc(Nc2ncccc2-c2ncnc3[nH]cnc23)c1,7.64
CHEMBL3646511,COc1cncc(Nc2ncccc2-c2nc(C)nc3[nH]cnc23)c1,c1cncc(Nc2ncccc2-c2ncnc3[nH]cnc23)c1,7.59
CHEMBL3643941,COc1ccc(Nc2ncc(CO)cc2-c2nc(C)nc3[nH]cnc23)cn1,c1cncc(Nc2ncccc2-c2ncnc3[nH]cnc23)c1,7.36
CHEMBL2165039,COc1ccc(Nc2ncccc2-c2nc(C)nc3[nH]cnc23)cn1,c1cncc(Nc2ncccc2-c2ncnc3[nH]cnc23)c1,7.2
CHEMBL3643938,C=Cc1cnc(Nc2ccc(OC)nc2)c(-c2nc(C)nc3[nH]cnc23)c1,c1cncc(Nc2ncccc2-c2ncnc3[nH]cnc23)c1,7.08
CHEMBL3646440,COCCNc1cnc(Nc2ccc(OC)nc2)c(-c2nc(C)nc3[nH]cnc23)c1,c1cncc(Nc2ncccc2-c2ncnc3[nH]cnc23)c1,6.98
CHEMBL3646474,COc1ccc(Nc2ncc(CNC(C)C)cc2-c2nc(C)nc3[nH]cnc23)cn1,c1cncc(Nc2ncccc2-c2ncnc3[nH]cnc23)c1,6.92
CHEMBL3646441,CCNc1cnc(Nc2ccc(OC)nc2)c(-c2nc(C)nc3[nH]cnc23)c1,c1cncc(Nc2ncccc2-c2ncnc3[nH]cnc23)c1,6.74
CHEMBL3646473,COc1ccc(Nc2ncc(CNC(C)(C)C)cc2-c2nc(C)nc3[nH]cnc23)cn1,c1cncc(Nc2ncccc2-c2ncnc3[nH]cnc23)c1,6.66
CHEMBL2071338,Cc1nc(NC(=O)N2CCCC2C(N)=O)sc1-c1ccc(-n2cccn2)cc1,O=C(Nc1ncc(-c2ccc(-n3cccn3)cc2)s1)N1CCCC1,8.3
CHEMBL1922094,Cc1c(CN2CCN(C(=O)C(C)O)CC2)sc2c(N3CCOCC3)nc(-c3cnc(N)nc3)nc12,c1ncc(-c2nc(N3CCOCC3)c3sc(CN4CCNCC4)cc3n2)cn1,8.3
CHEMBL1914712,O=S(=O)(Nc1cc(-c2ccc3ncccc3n2)cnc1Cl)c1ccc(F)cc1,O=S(=O)(Nc1cncc(-c2ccc3ncccc3n2)c1)c1ccccc1,8.29
CHEMBL521851,CS(=O)(=O)N1CCN(Cc2cc3nc(-c4cccc5[nH]ncc45)nc(N4CCOCC4)c3s2)CC1,c1cc(-c2nc(N3CCOCC3)c3sc(CN4CCNCC4)cc3n2)c2cn[nH]c2c1,8.29
CHEMBL3681129,Cn1cc(-c2ccc3ncc4c(c3n2)n(C2CCOCC2)c(=O)n4C)cn1,O=c1[nH]c2cnc3ccc(-c4cn[nH]c4)nc3c2n1C1CCOCC1,8.29
CHEMBL3681125,Cn1c(=O)n(C2CCOCC2)c2c3nc(-c4cn[nH]c4)ccc3ncc21,O=c1[nH]c2cnc3ccc(-c4cn[nH]c4)nc3c2n1C1CCOCC1,7.95
CHEMBL3681134,Cn1c(=O)n(C2CCOCC2)c2c3nc(-c4cnn(CCO)c4)ccc3ncc21,O=c1[nH]c2cnc3ccc(-c4cn[nH]c4)nc3c2n1C1CCOCC1,7.61
CHEMBL3701650,Cc1ccnc(-c2nc3cc(F)ccc3c(N3CC4(CCOCC4)c4ncc(N5CCOCC5)cc43)c2C)c1,c1ccc(-c2cc(N3CC4(CCOCC4)c4ncc(N5CCOCC5)cc43)c3ccccc3n2)nc1,8.28
CHEMBL3701642,Cc1c(-c2ccccn2)nc2cccc(F)c2c1N1CC2(CCOCC2)c2ncc(N3CCOCC3)cc21,c1ccc(-c2cc(N3CC4(CCOCC4)c4ncc(N5CCOCC5)cc43)c3ccccc3n2)nc1,8.19
CHEMBL3701639,Cc1ccnc(-c2nc3cc(F)cc(F)c3c(N3CC4(CCOCC4)c4ncc(N5CCOCC5)cc43)c2C)c1,c1ccc(-c2cc(N3CC4(CCOCC4)c4ncc(N5CCOCC5)cc43)c3ccccc3n2)nc1,8.05
CHEMBL3701641,Cc1c(-c2ccccn2)nc2cc(F)cc(F)c2c1N1CC2(CCOCC2)c2ncc(N3CCOCC3)cc21,c1ccc(-c2cc(N3CC4(CCOCC4)c4ncc(N5CCOCC5)cc43)c3ccccc3n2)nc1,8.03
CHEMBL2171931,Cc1c(-c2ccccn2)nc2cc(F)ccc2c1N1CC2(CCOCC2)c2ncc(N3CCOCC3)cc21,c1ccc(-c2cc(N3CC4(CCOCC4)c4ncc(N5CCOCC5)cc43)c3ccccc3n2)nc1,8.01
CHEMBL3701676,Cc1c(-c2ccccn2)nc2cc(F)ccc2c1N1CC2(CCOCC2)c2nc(Br)c(N3CCOCC3)cc21,c1ccc(-c2cc(N3CC4(CCOCC4)c4ncc(N5CCOCC5)cc43)c3ccccc3n2)nc1,7.65
CHEMBL3701679,C=Cc1nc2c(cc1N1CCOCC1)N(c1c(C)c(-c3ccccn3)nc3cc(F)ccc13)CC21CCOCC1,c1ccc(-c2cc(N3CC4(CCOCC4)c4ncc(N5CCOCC5)cc43)c3ccccc3n2)nc1,7.54
CHEMBL3701677,Cc1c(-c2ccccn2)nc2cc(F)ccc2c1N1CC2(CCOCC2)c2nc(C#N)c(N3CCOCC3)cc21,c1ccc(-c2cc(N3CC4(CCOCC4)c4ncc(N5CCOCC5)cc43)c3ccccc3n2)nc1,7.38
CHEMBL3701680,Cc1c(-c2ccccn2)nc2cc(F)ccc2c1N1CC2(CCOCC2)c2nc(Cl)c(N3CCOCC3)cc21,c1ccc(-c2cc(N3CC4(CCOCC4)c4ncc(N5CCOCC5)cc43)c3ccccc3n2)nc1,7.03
CHEMBL3701678,Cc1c(-c2ccccn2)nc2cc(F)ccc2c1N1CC2(CCOCC2)c2nc(N)c(N3CCOCC3)cc21,c1ccc(-c2cc(N3CC4(CCOCC4)c4ncc(N5CCOCC5)cc43)c3ccccc3n2)nc1,6.66
CHEMBL3701689,Cc1c(-c2cncc(F)c2)nc2cnccc2c1N1CC(C)(C)c2ncc(N3CCOCC3)cc21,c1cncc(-c2cc(N3CCc4ncc(N5CCOCC5)cc43)c3ccncc3n2)c1,8.27
CHEMBL3701652,Cc1c(N2CCOC(C)(C)C2)nc2cc(F)cc(F)c2c1N1CC2(CCOCC2)c2ncc(N3CCOCC3)cc21,c1ccc2c(N3CC4(CCOCC4)c4ncc(N5CCOCC5)cc43)cc(N3CCOCC3)nc2c1,8.27
CHEMBL3618237,Cc1nc(N)nc(-c2c(Nc3cccc4[nH]ncc34)nc3ccccn23)n1,c1cc(Nc2nc3ccccn3c2-c2ncncn2)c2cn[nH]c2c1,8.25
CHEMBL3618238,COc1ncc(Nc2nc3ccc(N4CCNCC4)cn3c2-c2nc(C)nc(N)n2)cc1F,c1cncc(Nc2nc3ccc(N4CCNCC4)cn3c2-c2ncncn2)c1,8.24
CHEMBL3618243,COc1ncc(Nc2nc3ccc(N4CCN(C(=O)N(C)C)CC4)cn3c2-c2nc(C)nc(N)n2)cc1F,c1cncc(Nc2nc3ccc(N4CCNCC4)cn3c2-c2ncncn2)c1,8.21
CHEMBL3618241,COCCN1CCN(c2ccc3nc(Nc4cnc(OC)c(F)c4)c(-c4nc(C)nc(N)n4)n3c2)CC1,c1cncc(Nc2nc3ccc(N4CCNCC4)cn3c2-c2ncncn2)c1,8.2
CHEMBL3618240,COc1ncc(Nc2nc3ccc(N4CCN(C(C)C)CC4)cn3c2-c2nc(C)nc(N)n2)cc1F,c1cncc(Nc2nc3ccc(N4CCNCC4)cn3c2-c2ncncn2)c1,8.19
CHEMBL3618242,COc1ccc(Nc2nc3ccc(N4CCN(C(=O)N(C)C)CC4)cn3c2-c2nc(C)nc(N)n2)cn1,c1cncc(Nc2nc3ccc(N4CCNCC4)cn3c2-c2ncncn2)c1,8.08
CHEMBL3618239,COc1ccc(Nc2nc3ccc(N4CCNCC4)cn3c2-c2nc(C)nc(N)n2)cn1,c1cncc(Nc2nc3ccc(N4CCNCC4)cn3c2-c2ncncn2)c1,7.37
CHEMBL3649426,O=S(=O)(Nc1cc(-c2cnc3ccc(Br)cn23)cnc1Cl)c1ccc(F)cc1,O=S(=O)(Nc1cncc(-c2cnc3ccccn23)c1)c1ccccc1,8.22
CHEMBL3649442,Cc1ccn2c(-c3cnc(Cl)c(NS(=O)(=O)c4ccc(F)cc4)c3)cnc2c1,O=S(=O)(Nc1cncc(-c2cnc3ccccn23)c1)c1ccccc1,7.72
CHEMBL3649425,Cc1nc2ccc(Br)cn2c1-c1cnc(Cl)c(NS(=O)(=O)c2ccc(F)cc2)c1,O=S(=O)(Nc1cncc(-c2cnc3ccccn23)c1)c1ccccc1,7.7
CHEMBL3649441,O=S(=O)(Nc1cc(-c2cnc3ccccn23)cnc1Cl)c1ccc(F)cc1,O=S(=O)(Nc1cncc(-c2cnc3ccccn23)c1)c1ccccc1,7.55
CHEMBL3649423,Cc1nc2ccccn2c1-c1cnc(Cl)c(NS(=O)(=O)c2ccc(F)cc2)c1,O=S(=O)(Nc1cncc(-c2cnc3ccccn23)c1)c1ccccc1,6.9
CHEMBL3646502,COc1ccc(Nc2ncc(-c3ccccn3)cc2-c2nc(C)nc(N)n2)cn1,c1ccc(-c2cnc(Nc3cccnc3)c(-c3ncncn3)c2)nc1,8.22
CHEMBL3646535,COc1ccc(Nc2ncc(CN3CC(S(C)(=O)=O)C3)cc2-c2nc(C)nc(N)n2)cn1,c1cncc(Nc2ncc(CN3CCC3)cc2-c2ncncn2)c1,8.22
CHEMBL3646598,COc1ccc(Nc2ncc(C(C)N3CC(S(C)(=O)=O)C3)cc2-c2nc(C)nc(N)n2)cn1,c1cncc(Nc2ncc(CN3CCC3)cc2-c2ncncn2)c1,7.72
CHEMBL3639454,COc1ccc(Nc2ncc(CN3CC(NS(C)(=O)=O)C3)cc2-c2nc(C)nc(N)n2)cn1,c1cncc(Nc2ncc(CN3CCC3)cc2-c2ncncn2)c1,7.41
CHEMBL3646538,COc1ccc(Nc2ncc(CN3CC(O)C3)cc2-c2nc(C)nc(N)n2)cn1,c1cncc(Nc2ncc(CN3CCC3)cc2-c2ncncn2)c1,7.23
CHEMBL2165034,COc1ccc(Nc2ncc(CN3CCC3)cc2-c2nc(C)nc(N)n2)cn1,c1cncc(Nc2ncc(CN3CCC3)cc2-c2ncncn2)c1,6.8
CHEMBL3646540,COc1ccc(Nc2ncc(CN3CC(N)C3)cc2-c2nc(C)nc(N)n2)cn1,c1cncc(Nc2ncc(CN3CCC3)cc2-c2ncncn2)c1,6.35
CHEMBL3681061,COc1ncc(-c2ccc3ncc4c(c3n2)n(-c2ccc(C(C)(C)C#N)cc2)c(=O)n4C)cn1,O=c1[nH]c2cnc3ccc(-c4cncnc4)nc3c2n1-c1ccccc1,8.22
CHEMBL3681060,COc1ncc(-c2ccc3ncc4[nH]c(=O)n(-c5ccc(C(C)(C)C#N)cc5)c4c3n2)cn1,O=c1[nH]c2cnc3ccc(-c4cncnc4)nc3c2n1-c1ccccc1,7.94
CHEMBL3698359,Cc1c(-c2ccccn2)nc2cc(F)ccc2c1N1CC(C)(C)c2ncc(C3=CCOCC3)cc21,C1=C(c2cnc3c(c2)N(c2cc(-c4ccccn4)nc4ccccc24)CC3)CCOC1,8.19
CHEMBL3701651,COc1cc(-c2nc3cc(F)cc(F)c3c(N3CC4(CCOCC4)c4ncc(N5CCOCC5)cc43)c2C)ccn1,c1ccc2c(N3CC4(CCOCC4)c4ncc(N5CCOCC5)cc43)cc(-c3ccncc3)nc2c1,8.16
CHEMBL3646574,COc1ccc(Nc2ncc(C3(N4CCN(S(C)(=O)=O)CC4)CC3)cc2-c2nc(C)nc(N)n2)cn1,c1cncc(Nc2ncc(C3(N4CCNCC4)CC3)cc2-c2ncncn2)c1,8.15
CHEMBL3954088,COc1ncc(Nc2ncc(CN3CCN(S(C)(=O)=O)CC3C(F)(F)F)cc2-c2nc(C)[nH]c(=N)n2)cc1F,N=c1nc(-c2cc(CN3CCNCC3)cnc2Nc2cccnc2)nc[nH]1,8.15
CHEMBL3649474,COc1ncc(Nc2ncc(CN3CCN4C(CCS4(=O)=O)C3)cc2-c2nc(C)nc(N)n2)cc1F,O=S1(=O)CCC2CN(Cc3cnc(Nc4cccnc4)c(-c4ncncn4)c3)CCN21,8.15
CHEMBL3646468,Cc1nc(N)nc(-c2cc(CN3CCN(S(C)(=O)=O)CC3)cnc2Nc2ccc3ocnc3c2)n1,c1ncnc(-c2cc(CN3CCNCC3)cnc2Nc2ccc3ocnc3c2)n1,8.15
CHEMBL3356895,COc1cncc(-c2ccc3nc(NC(=O)NCC(=O)NCC(F)(F)F)sc3c2)c1,c1cncc(-c2ccc3ncsc3c2)c1,8.15
CHEMBL3356892,COc1cncc(-c2ccc3nc(NC(=O)N(C)C)sc3c2)c1,c1cncc(-c2ccc3ncsc3c2)c1,7.8
CHEMBL3356893,CCNC(=O)Nc1nc2ccc(-c3cncc(OC)c3)cc2s1,c1cncc(-c2ccc3ncsc3c2)c1,7.28
CHEMBL3356894,COc1cncc(-c2ccc3nc(NC(=O)NCCCN(C)C)sc3c2)c1,c1cncc(-c2ccc3ncsc3c2)c1,7.25
CHEMBL3356896,COc1cncc(-c2ccc3nc(NC(=O)NCCC(=O)NCC(F)(F)F)sc3c2)c1,c1cncc(-c2ccc3ncsc3c2)c1,7.14
CHEMBL1822211,Nc1nc2ccc(-c3cnc(Cl)c(NS(=O)(=O)c4ccc(F)cc4)c3)cc2o1,O=S(=O)(Nc1cncc(-c2ccc3ncoc3c2)c1)c1ccccc1,8.14
CHEMBL1822212,O=S(=O)(Nc1cc(-c2ccc3ncoc3c2)cnc1Cl)c1ccc(F)cc1,O=S(=O)(Nc1cncc(-c2ccc3ncoc3c2)c1)c1ccccc1,7.59
CHEMBL1822210,CC(=O)Nc1nc2ccc(-c3cnc(Cl)c(NS(=O)(=O)c4ccc(F)cc4)c3)cc2o1,O=S(=O)(Nc1cncc(-c2ccc3ncoc3c2)c1)c1ccccc1,7.33
CHEMBL2206914,Cc1nc(N)nc(-c2cccnc2Nc2cnc(Cl)c(NS(=O)(=O)C3CC3)c2)n1,O=S(=O)(Nc1cncc(Nc2ncccc2-c2ncncn2)c1)C1CC1,8.13
CHEMBL2206912,Cc1nc(N)nc(-c2cccnc2Nc2cnc(Cl)c(NS(=O)(=O)c3ccc(F)cc3)c2)n1,O=S(=O)(Nc1cncc(Nc2ncccc2-c2ncncn2)c1)c1ccccc1,8.13
CHEMBL2171924,Cc1c(-c2ccccn2)nc2cc(F)ccc2c1N1CC2(CS(=O)(=O)C2)c2ccc(N3CCOCC3)cc21,O=S1(=O)CC2(CN(c3cc(-c4ccccn4)nc4ccccc34)c3cc(N4CCOCC4)ccc32)C1,8.11
CHEMBL3681181,COc1ccc(-c2ccc3ncc4c(c3n2)n(CCN2CCNCC2)c(=O)n4C)cn1,O=c1[nH]c2cnc3ccc(-c4cccnc4)nc3c2n1CCN1CCNCC1,8.11
CHEMBL2165033,COc1ccc(Nc2ncc(-c3cnn(C)c3)cc2-c2nc(C)nc(N)n2)cn1,c1cncc(Nc2ncc(-c3cn[nH]c3)cc2-c2ncncn2)c1,8.1
CHEMBL3646553,COc1ccc(Nc2ncc(-c3cn[nH]c3)cc2-c2nc(C)nc(N)n2)cn1,c1cncc(Nc2ncc(-c3cn[nH]c3)cc2-c2ncncn2)c1,7.96
CHEMBL3646559,Cc1nc(N)nc(-c2cc(-c3cnn(C)c3)cnc2Nc2cncc(F)c2)n1,c1cncc(Nc2ncc(-c3cn[nH]c3)cc2-c2ncncn2)c1,7.85
CHEMBL2165032,COc1ccc(Nc2ncc(-c3ccc(C)nc3)cc2-c2nc(C)nc(N)n2)cn1,c1cncc(Nc2ncc(-c3cccnc3)cc2-c2ncncn2)c1,8.1
CHEMBL3646555,COc1ccc(Nc2ncc(-c3cncc(F)c3)cc2-c2nc(C)nc(N)n2)cn1,c1cncc(Nc2ncc(-c3cccnc3)cc2-c2ncncn2)c1,7.92
CHEMBL3646499,COc1ccc(Nc2ncc(-c3ccc(OC)nc3)cc2-c2nc(C)nc(N)n2)cn1,c1cncc(Nc2ncc(-c3cccnc3)cc2-c2ncncn2)c1,7.77
CHEMBL3643920,Cc1nc(N)nc(-c2cc(CN3CCN(S(C)(=O)=O)CC3)cnc2Nc2cccc(O)c2)n1,c1ccc(Nc2ncc(CN3CCNCC3)cc2-c2ncncn2)cc1,8.1
CHEMBL3646567,CC(=O)Nc1ccc(Nc2ncc(CN3CCN(S(C)(=O)=O)CC3)cc2-c2nc(C)nc(N)n2)cc1,c1ccc(Nc2ncc(CN3CCNCC3)cc2-c2ncncn2)cc1,6.99
CHEMBL3646566,CC(=O)Nc1ccc(Nc2ncc(CN3CCN(S(C)(=O)=O)CC3)cc2-c2nc(C)nc(N)n2)cc1F,c1ccc(Nc2ncc(CN3CCNCC3)cc2-c2ncncn2)cc1,6.43
CHEMBL3698356,Cc1c(CCc2ccccc2)nc2cc(F)cc(F)c2c1N1CC(C)(C)c2ncc(N3CCOCC3)cc21,c1ccc(CCc2cc(N3CCc4ncc(N5CCOCC5)cc43)c3ccccc3n2)cc1,8.09
CHEMBL2206902,Cc1nc(N)nc(-c2cc(Cl)cnc2Nc2cnc(Cl)c(NS(=O)(=O)N3CCOCC3)c2)n1,O=S(=O)(Nc1cncc(Nc2ncccc2-c2ncncn2)c1)N1CCOCC1,8.07
CHEMBL2206905,COc1cnc(Nc2cnc(Cl)c(NS(=O)(=O)N3CCOCC3)c2)c(-c2nc(C)nc(N)n2)c1,O=S(=O)(Nc1cncc(Nc2ncccc2-c2ncncn2)c1)N1CCOCC1,7.93
CHEMBL2206917,Cc1nc(N)nc(-c2cccnc2Nc2cnc(Cl)c(NS(=O)(=O)N3CCOCC3)c2)n1,O=S(=O)(Nc1cncc(Nc2ncccc2-c2ncncn2)c1)N1CCOCC1,7.83
CHEMBL1773600,COc1ccc(S(=O)(=O)Nc2cncc(-c3ccc4nc(NC(C)=O)sc4c3)n2)cc1,O=S(=O)(Nc1cncc(-c2ccc3ncsc3c2)n1)c1ccccc1,8.05
CHEMBL2165020,COc1ccc(Nc2ncc(CC3CCN(S(C)(=O)=O)CC3)cc2-c2nc(C)nc(N)n2)cn1,c1cncc(Nc2ncc(CC3CCNCC3)cc2-c2ncncn2)c1,8.05
CHEMBL3646628,COc1ncc(Nc2ncc(C(OC(=O)c3cccc(Cl)c3)C(C)(C)O)cc2-c2nc(C)nc(N)n2)cc1F,O=C(OCc1cnc(Nc2cccnc2)c(-c2ncncn2)c1)c1ccccc1,8.05
CHEMBL3924227,COc1ccc(CN(Cc2ccc(OC)cc2)c2nc(C)nc(Cl)n2)cc1,c1ccc(CN(Cc2ccccc2)c2ncncn2)cc1,8.05
CHEMBL3646437,COc1ccc(Nc2cnc(Nc3ccc(OC)nc3)c(-c3nc(C)nc4[nH]cnc34)c2)cc1,c1ccc(Nc2cnc(Nc3cccnc3)c(-c3ncnc4[nH]cnc34)c2)cc1,8.05
CHEMBL3646439,COc1ccc(Nc2ncc(Nc3ccccc3)cc2-c2nc(C)nc3[nH]cnc23)cn1,c1ccc(Nc2cnc(Nc3cccnc3)c(-c3ncnc4[nH]cnc34)c2)cc1,7.48
CHEMBL3646442,COc1cccc(Nc2cnc(Nc3ccc(OC)nc3)c(-c3nc(C)nc4[nH]cnc34)c2)c1,c1ccc(Nc2cnc(Nc3cccnc3)c(-c3ncnc4[nH]cnc34)c2)cc1,7.46
CHEMBL2171927,Cc1c(-c2ccccn2)nc2cc(F)ccc2c1N1CC(C)(C)c2ccc(-c3ccnc(N)n3)cc21,c1ccc(-c2cc(N3CCc4ccc(-c5ccncn5)cc43)c3ccccc3n2)nc1,8.01
CHEMBL2171928,Cc1cc(-c2ccc3c(c2)N(c2c(C)c(-c4ccccn4)nc4cc(F)ccc24)CC3(C)C)nc(N)n1,c1ccc(-c2cc(N3CCc4ccc(-c5ccncn5)cc43)c3ccccc3n2)nc1,6.35
CHEMBL3646487,COc1ncc(Nc2ncc(C(=O)N3CCN(S(C)(=O)=O)CC3)cc2-c2nc(C)nc(N)n2)cc1F,O=C(c1cnc(Nc2cccnc2)c(-c2ncncn2)c1)N1CCNCC1,8.0
CHEMBL3698298,Cc1c(-c2ccccc2S(C)(=O)=O)nc2cc(F)ccc2c1N1CC2(CCOCC2)c2ccc(N3CCOCC3)cc21,c1ccc(-c2cc(N3CC4(CCOCC4)c4ccc(N5CCOCC5)cc43)c3ccccc3n2)cc1,7.99
CHEMBL3698347,Cc1c(-c2ccccc2F)nc2cc(F)ccc2c1N1CC2(CCOCC2)c2ccc(N3CCOCC3)cc21,c1ccc(-c2cc(N3CC4(CCOCC4)c4ccc(N5CCOCC5)cc43)c3ccccc3n2)cc1,7.6
CHEMBL2171922,Cc1c(-c2ccccc2)nc2ccccc2c1N1CC2(CCOCC2)c2ccc(N3CCOCC3)cc21,c1ccc(-c2cc(N3CC4(CCOCC4)c4ccc(N5CCOCC5)cc43)c3ccccc3n2)cc1,7.04
CHEMBL3698305,Cc1c(-c2cccc(S(C)(=O)=O)c2)nc2cc(F)ccc2c1N1CC2(CCOCC2)c2ccc(N3CCOCC3)cc21,c1ccc(-c2cc(N3CC4(CCOCC4)c4ccc(N5CCOCC5)cc43)c3ccccc3n2)cc1,6.9
CHEMBL3698348,Cc1c(-c2ccccc2F)nc2cc(Cl)ccc2c1N1CC2(CCOCC2)c2ccc(N3CCOCC3)cc21,c1ccc(-c2cc(N3CC4(CCOCC4)c4ccc(N5CCOCC5)cc43)c3ccccc3n2)cc1,6.24
CHEMBL2071329,CC(=O)Nc1nc(C)c(-c2ccc(S(C)(=O)=O)c(Br)c2)s1,c1ccc(-c2cncs2)cc1,7.96
CHEMBL2071332,CC(=O)Nc1nc(C)c(-c2ccc(S(C)(=O)=O)c(C(F)(F)F)c2)s1,c1ccc(-c2cncs2)cc1,7.55
CHEMBL2071328,CC(=O)Nc1nc(C)c(-c2ccc(S(C)(=O)=O)c(Cl)c2)s1,c1ccc(-c2cncs2)cc1,7.46
CHEMBL2071331,CC(=O)Nc1nc(C)c(-c2ccc(S(C)(=O)=O)c(C#N)c2)s1,c1ccc(-c2cncs2)cc1,7.35
CHEMBL2071326,CC(=O)Nc1nc(C)c(-c2ccc(S(N)(=O)=O)cc2)s1,c1ccc(-c2cncs2)cc1,6.96
CHEMBL2071330,CC(=O)Nc1nc(C)c(-c2ccc(S(C)(=O)=O)c(F)c2)s1,c1ccc(-c2cncs2)cc1,6.91
CHEMBL2071334,CC(=O)Nc1nc(C)c(-c2ccc(C(C)=O)cc2)s1,c1ccc(-c2cncs2)cc1,6.72
CHEMBL2071327,CC(=O)Nc1nc(C)c(-c2ccc(S(C)(=O)=O)cc2)s1,c1ccc(-c2cncs2)cc1,6.7
CHEMBL3618245,COc1ncc(Nc2nc3ccc(C(C)(C)O)cn3c2-c2nc(C)nc(N)n2)cc1F,c1cncc(Nc2nc3ccccn3c2-c2ncncn2)c1,7.96
CHEMBL3618233,COc1ncc(Nc2nc3ccccn3c2-c2nc(C)nc(N)n2)cc1F,c1cncc(Nc2nc3ccccn3c2-c2ncncn2)c1,7.85
CHEMBL3618244,COc1ccc(Nc2nc3ccc(C(C)(C)O)cn3c2-c2nc(C)nc(N)n2)cn1,c1cncc(Nc2nc3ccccn3c2-c2ncncn2)c1,7.59
CHEMBL3618231,COc1ccc(Nc2nc3ccccn3c2-c2nc(C)nc(N)n2)cn1,c1cncc(Nc2nc3ccccn3c2-c2ncncn2)c1,7.54
CHEMBL3618232,CCOc1ccc(Nc2nc3ccccn3c2-c2nc(C)nc(N)n2)cn1,c1cncc(Nc2nc3ccccn3c2-c2ncncn2)c1,6.83
CHEMBL3701649,Cc1cc(C)cc(-c2nc3cc(F)ccc3c(N3CC4(CCOCC4)c4ncc(N5CCOCC5)cc43)c2C)c1,c1ccc(-c2cc(N3CC4(CCOCC4)c4ncc(N5CCOCC5)cc43)c3ccccc3n2)cc1,7.92
CHEMBL3681184,COc1ccc(-c2ccc3ncc4c(c3n2)n(CCN2CCOCC2)c(=O)n4C)cn1,O=c1[nH]c2cnc3ccc(-c4cccnc4)nc3c2n1CCN1CCOCC1,7.91
CHEMBL2165052,Cc1nc(N)nc(-c2cccnc2Nc2cccc(O)c2)n1,c1ccc(Nc2ncccc2-c2ncncn2)cc1,7.9
CHEMBL3646565,CC(=O)Nc1ccc(Nc2ncc(Cl)cc2-c2nc(C)nc(N)n2)cc1F,c1ccc(Nc2ncccc2-c2ncncn2)cc1,6.81
CHEMBL3646496,COc1ccc(Nc2ncccc2-c2nc(C)nc(N)n2)cc1F,c1ccc(Nc2ncccc2-c2ncncn2)cc1,6.75
CHEMBL3646551,Cc1nc(N)nc(-c2cccnc2Nc2ccc(F)c(F)c2)n1,c1ccc(Nc2ncccc2-c2ncncn2)cc1,6.35
CHEMBL3646497,COc1cc(Nc2ncccc2-c2nc(C)nc(N)n2)ccc1F,c1ccc(Nc2ncccc2-c2ncncn2)cc1,6.34
CHEMBL3646500,COc1ccc(Nc2ncccc2-c2nc(C)nc(N)n2)cc1OC,c1ccc(Nc2ncccc2-c2ncncn2)cc1,6.25
CHEMBL3646494,Cc1nc(N)nc(-c2cccnc2Nc2cccc(OC(F)F)c2)n1,c1ccc(Nc2ncccc2-c2ncncn2)cc1,6.02
CHEMBL1773558,COc1ccc(S(=O)(=O)Nc2cc(-c3ccc4nc(NC(C)=O)sc4c3)ccn2)cc1,O=S(=O)(Nc1cc(-c2ccc3ncsc3c2)ccn1)c1ccccc1,7.89
CHEMBL2206922,Cc1nc(N)nc(-c2cc(Cl)cnc2Nc2cnc(Cl)c(NS(=O)(=O)c3cccnc3)c2)n1,O=S(=O)(Nc1cncc(Nc2ncccc2-c2ncncn2)c1)c1cccnc1,7.89
CHEMBL3646624,COc1ncc(Nc2ncc(C(C)(C)O)cc2-c2cc(N)nc(C)n2)cc1F,c1cncc(Nc2ncccc2-c2ccncn2)c1,7.89
CHEMBL3646594,Cc1nc(N)cc(-c2cccnc2Nc2cnc(Cl)c(NS(C)(=O)=O)c2)n1,c1cncc(Nc2ncccc2-c2ccncn2)c1,7.54
CHEMBL3649471,C=Cc1cnc(Nc2cnc(Cl)c(NS(C)(=O)=O)c2)c(-c2cc(N)nc(C)n2)c1,c1cncc(Nc2ncccc2-c2ccncn2)c1,7.23
CHEMBL3649467,Cc1nc(N)cc(-c2cccnc2Nc2cnc(Cl)c(NS(=O)(=O)N(C)C)c2)n1,c1cncc(Nc2ncccc2-c2ccncn2)c1,6.82
CHEMBL3701663,Cc1c(-c2cc(F)cc(F)c2)nc2cnccc2c1N1CC(C)(C)c2ncc(N3CCOCC3)cc21,c1ccc(-c2cc(N3CCc4ncc(N5CCOCC5)cc43)c3ccncc3n2)cc1,7.87
CHEMBL3681155,Cc1ccc(-c2ccc3ncc4c(c3n2)n(C(C)CO)c(=O)n4C)cn1,O=c1[nH]c2cnc3ccc(-c4cccnc4)nc3c2[nH]1,7.87
CHEMBL3681185,COCCn1c(=O)n(C)c2cnc3ccc(-c4ccc(OC)nc4)nc3c21,O=c1[nH]c2cnc3ccc(-c4cccnc4)nc3c2[nH]1,7.87
CHEMBL3698290,Cc1ncccc1-c1nc2cc(F)ccc2c(N2CC3(CCOCC3)c3ccc(N4CCOCC4)cc32)c1C,c1cncc(-c2cc(N3CC4(CCOCC4)c4ccc(N5CCOCC5)cc43)c3ccccc3n2)c1,7.84
CHEMBL3698288,Cc1c(-c2cccnc2)nc2cc(F)ccc2c1N1CC2(CCOCC2)c2ccc(N3CCOCC3)cc21,c1cncc(-c2cc(N3CC4(CCOCC4)c4ccc(N5CCOCC5)cc43)c3ccccc3n2)c1,7.32
CHEMBL3698303,Cc1c(-c2cccc(=O)[nH]2)nc2cc(F)ccc2c1N1CC(C)(C)c2ncc(N3CCOCC3)cc21,O=c1cccc(-c2cc(N3CCc4ncc(N5CCOCC5)cc43)c3ccccc3n2)[nH]1,7.83
CHEMBL3649438,CN(C)S(=O)(=O)Nc1cc(-c2cnc3cc(-c4ccncc4)ccn23)cnc1Cl,c1cncc(-c2cnc3cc(-c4ccncc4)ccn23)c1,7.82
CHEMBL3681159,CC(CO)n1c(=O)n(C)c2cnc3ccc(-c4cnc(N)nc4)nc3c21,O=c1[nH]c2cnc3ccc(-c4cncnc4)nc3c2[nH]1,7.81
CHEMBL2165004,COc1ccc(Nc2ncc(CN3CCC(S(C)(=O)=O)C3)cc2-c2nc(C)nc(N)n2)cn1,c1cncc(Nc2ncc(CN3CCCC3)cc2-c2ncncn2)c1,7.8
CHEMBL2165008,COc1ccc(Nc2ncc(CN3CCCC3)cc2-c2nc(C)nc(N)n2)cn1,c1cncc(Nc2ncc(CN3CCCC3)cc2-c2ncncn2)c1,6.57
CHEMBL2165012,COc1ccc(Nc2ncc(CN3CCC(CO)C3)cc2-c2nc(C)nc(N)n2)cn1,c1cncc(Nc2ncc(CN3CCCC3)cc2-c2ncncn2)c1,6.55
CHEMBL3646561,Cc1nc(N)nc(-c2cc(CN3CCN(S(C)(=O)=O)CC3)cnc2Nc2ccc3[nH]cnc3c2)n1,c1ncnc(-c2cc(CN3CCNCC3)cnc2Nc2ccc3[nH]cnc3c2)n1,7.8
CHEMBL3646562,Cc1nc(N)nc(-c2cc(CN3CCNCC3)cnc2Nc2ccc3[nH]cnc3c2)n1,c1ncnc(-c2cc(CN3CCNCC3)cnc2Nc2ccc3[nH]cnc3c2)n1,7.16
CHEMBL3646530,Cc1nc(N)nc(-c2cc(CN3CCN(S(C)(=O)=O)CC3)cnc2Nc2cnc3c(c2)ncn3C)n1,c1ncnc(-c2cc(CN3CCNCC3)cnc2Nc2cnc3[nH]cnc3c2)n1,7.8
CHEMBL3698361,Cc1c(Nc2ccccn2)nc2cc(F)cc(F)c2c1N1CC(C)(C)c2ncc(N3CCOCC3)cc21,c1ccc(Nc2cc(N3CCc4ncc(N5CCOCC5)cc43)c3ccccc3n2)nc1,7.77
CHEMBL3681169,CC(=O)N1CCC(n2c(=O)n(C)c3cnc4ccc(-c5cccc(-n6cccn6)c5)nc4c32)CC1,O=c1[nH]c2cnc3ccc(-c4cccc(-n5cccn5)c4)nc3c2n1C1CCNCC1,7.75
CHEMBL3646459,COc1ccc(Nc2nc(OC)ncc2-c2nc(C)nc(N)n2)cn1,c1cncc(Nc2ncncc2-c2ncncn2)c1,7.74
CHEMBL2165049,COc1ccc(Nc2ncncc2-c2nc(C)nc(N)n2)cn1,c1cncc(Nc2ncncc2-c2ncncn2)c1,7.47
CHEMBL3646461,COc1ccc(Nc2nc(N(C)C)ncc2-c2nc(C)nc(N)n2)cn1,c1cncc(Nc2ncncc2-c2ncncn2)c1,7.35
CHEMBL3646458,COc1ccc(Nc2nc(N)ncc2-c2nc(C)nc(N)n2)cn1,c1cncc(Nc2ncncc2-c2ncncn2)c1,6.95
CHEMBL1773559,COc1ccc(Sc2nccc(-c3ccc4nc(NC(C)=O)sc4c3)n2)cc1,c1ccc(Sc2nccc(-c3ccc4ncsc4c3)n2)cc1,7.74
CHEMBL1773592,CC(=O)Nc1nc2ccc(-c3ccnc(Sc4cccc(F)c4)n3)cc2s1,c1ccc(Sc2nccc(-c3ccc4ncsc4c3)n2)cc1,7.51
CHEMBL1773594,CC(=O)Nc1nc2ccc(-c3ccnc(Sc4ccccc4C)n3)cc2s1,c1ccc(Sc2nccc(-c3ccc4ncsc4c3)n2)cc1,7.51
CHEMBL1773583,CC(=O)Nc1nc2ccc(-c3ccnc(Sc4ccccc4)n3)cc2s1,c1ccc(Sc2nccc(-c3ccc4ncsc4c3)n2)cc1,7.4
CHEMBL1773593,CC(=O)Nc1nc2ccc(-c3ccnc(Sc4ccc(F)cc4)n3)cc2s1,c1ccc(Sc2nccc(-c3ccc4ncsc4c3)n2)cc1,7.36
CHEMBL1773591,CC(=O)Nc1nc2ccc(-c3ccnc(Sc4ccccc4F)n3)cc2s1,c1ccc(Sc2nccc(-c3ccc4ncsc4c3)n2)cc1,7.34
CHEMBL1773598,COc1cccc(Sc2nccc(-c3ccc4nc(NC(C)=O)sc4c3)n2)c1,c1ccc(Sc2nccc(-c3ccc4ncsc4c3)n2)cc1,7.32
CHEMBL1773595,CC(=O)Nc1nc2ccc(-c3ccnc(Sc4cccc(C)c4)n3)cc2s1,c1ccc(Sc2nccc(-c3ccc4ncsc4c3)n2)cc1,7.28
CHEMBL1773596,CC(=O)Nc1nc2ccc(-c3ccnc(Sc4ccc(C)cc4)n3)cc2s1,c1ccc(Sc2nccc(-c3ccc4ncsc4c3)n2)cc1,7.23
CHEMBL1773597,COc1ccccc1Sc1nccc(-c2ccc3nc(NC(C)=O)sc3c2)n1,c1ccc(Sc2nccc(-c3ccc4ncsc4c3)n2)cc1,6.84
CHEMBL1773077,COc1cccc(COc2nccc(-c3ccc4nc(NC(C)=O)sc4c3)n2)c1,c1ccc(COc2nccc(-c3ccc4ncsc4c3)n2)cc1,7.74
CHEMBL1773561,CC(=O)Nc1nc2ccc(-c3ccnc(OCc4cccc(C)c4)n3)cc2s1,c1ccc(COc2nccc(-c3ccc4ncsc4c3)n2)cc1,7.33
CHEMBL1773563,CC(=O)Nc1nc2ccc(-c3ccnc(OCc4ccc(C)cc4)n3)cc2s1,c1ccc(COc2nccc(-c3ccc4ncsc4c3)n2)cc1,7.24
CHEMBL1773564,COc1ccc(COc2nccc(-c3ccc4nc(NC(C)=O)sc4c3)n2)cc1,c1ccc(COc2nccc(-c3ccc4ncsc4c3)n2)cc1,7.24
CHEMBL1773560,CC(=O)Nc1nc2ccc(-c3ccnc(OCc4cccc(F)c4)n3)cc2s1,c1ccc(COc2nccc(-c3ccc4ncsc4c3)n2)cc1,7.21
CHEMBL1773586,CC(=O)Nc1nc2ccc(-c3ccnc(OCc4ccccc4)n3)cc2s1,c1ccc(COc2nccc(-c3ccc4ncsc4c3)n2)cc1,6.98
CHEMBL1773562,CC(=O)Nc1nc2ccc(-c3ccnc(OCc4ccc(F)cc4)n3)cc2s1,c1ccc(COc2nccc(-c3ccc4ncsc4c3)n2)cc1,6.85
CHEMBL2171923,Cc1c(-c2ccccn2)nc2cc(F)ccc2c1N1CC2(CCOCC2)c2ccc(N3CCOCC3)cc21,c1ccc(-c2cc(N3CC4(CCOCC4)c4ccc(N5CCOCC5)cc43)c3ccccc3n2)nc1,7.74
CHEMBL3698306,Cc1c(-c2ccccn2)nc2cc(F)cc(F)c2c1N1CC2(CCOCC2)c2ccc(N3CCOCC3)cc21,c1ccc(-c2cc(N3CC4(CCOCC4)c4ccc(N5CCOCC5)cc43)c3ccccc3n2)nc1,7.68
CHEMBL3698304,COc1cccc(-c2nc3cc(F)ccc3c(N3CC4(CCOCC4)c4ccc(N5CCOCC5)cc43)c2C)n1,c1ccc(-c2cc(N3CC4(CCOCC4)c4ccc(N5CCOCC5)cc43)c3ccccc3n2)nc1,7.16
CHEMBL3646579,Cc1nc(N)nc(-c2cc(C(C)N3CCN(S(C)(=O)=O)CC3)cnc2Nc2cc(F)c3cccnc3c2)n1,c1cnc2cc(Nc3ncc(CN4CCNCC4)cc3-c3ncncn3)ccc2c1,7.7
CHEMBL3646600,Cc1nc(N)nc(-c2cc(C(C)N3CCN(S(C)(=O)=O)CC3)cnc2Nc2ccc3cccnc3c2)n1,c1cnc2cc(Nc3ncc(CN4CCNCC4)cc3-c3ncncn3)ccc2c1,7.44
CHEMBL2071337,Cc1nc(NC(=O)N2CCCC2C(N)=O)sc1-c1ccc(S(C)(=O)=O)c(C(F)(F)F)c1,O=C(Nc1ncc(-c2ccccc2)s1)N1CCCC1,7.7
CHEMBL2071336,Cc1nc(NC(=O)N2CCCC2C(N)=O)sc1-c1ccc(S(C)(=O)=O)c(F)c1,O=C(Nc1ncc(-c2ccccc2)s1)N1CCCC1,7.3
CHEMBL2071335,Cc1nc(NC(=O)N2CCCC2C(N)=O)sc1-c1ccc(S(C)(=O)=O)cc1,O=C(Nc1ncc(-c2ccccc2)s1)N1CCCC1,6.73
CHEMBL3356897,COc1cncc(-c2ccc3nc(NC(=O)NCCc4c[nH]cn4)sc3c2)c1,O=C(NCCc1c[nH]cn1)Nc1nc2ccc(-c3cccnc3)cc2s1,7.7
CHEMBL3356898,COc1cncc(-c2ccc3nc(NC(=O)NCCc4cn(C)cn4)sc3c2)c1,O=C(NCCc1c[nH]cn1)Nc1nc2ccc(-c3cccnc3)cc2s1,6.98
CHEMBL3356899,CCn1cnc(CCNC(=O)Nc2nc3ccc(-c4cncc(OC)c4)cc3s2)c1,O=C(NCCc1c[nH]cn1)Nc1nc2ccc(-c3cccnc3)cc2s1,6.95
CHEMBL3356900,CCCn1cnc(CCNC(=O)Nc2nc3ccc(-c4cncc(OC)c4)cc3s2)c1,O=C(NCCc1c[nH]cn1)Nc1nc2ccc(-c3cccnc3)cc2s1,6.88
CHEMBL3646552,COc1ccc(Nc2ncc(C3=CCNCC3)cc2-c2nc(C)nc(N)n2)cn1,C1=C(c2cnc(Nc3cccnc3)c(-c3ncncn3)c2)CCNC1,7.68
CHEMBL3698363,Cc1c(C2(c3ccccc3)CC2)nc2cc(F)cc(F)c2c1N1CC(C)(C)c2ncc(N3CCOCC3)cc21,c1ccc(C2(c3cc(N4CCc5ncc(N6CCOCC6)cc54)c4ccccc4n3)CC2)cc1,7.66
CHEMBL2165029,COc1ccc(Nc2ncc(N3CCOCC3)cc2-c2nc(C)nc(N)n2)cn1,c1cncc(Nc2ncc(N3CCOCC3)cc2-c2ncncn2)c1,7.66
CHEMBL2165019,COc1ccc(Nc2ncc(CN3CCC(S(C)(=O)=O)CC3)cc2-c2nc(C)nc(N)n2)cn1,c1cncc(Nc2ncc(CN3CCCCC3)cc2-c2ncncn2)c1,7.66
CHEMBL2165009,COc1ccc(Nc2ncc(CN3CCCCC3)cc2-c2nc(C)nc(N)n2)cn1,c1cncc(Nc2ncc(CN3CCCCC3)cc2-c2ncncn2)c1,6.82
CHEMBL2165011,COc1ccc(Nc2ncc(CN3CCC(O)CC3)cc2-c2nc(C)nc(N)n2)cn1,c1cncc(Nc2ncc(CN3CCCCC3)cc2-c2ncncn2)c1,6.7
CHEMBL3649440,O=S(=O)(Nc1cc(-c2cnc3ccc(Cl)nn23)cnc1Cl)c1ccc(F)cc1,O=S(=O)(Nc1cncc(-c2cnc3cccnn23)c1)c1ccccc1,7.66
CHEMBL3643943,COc1cccc(NCc2cnc(Nc3ccc(OC)nc3)c(-c3nc(C)nc4[nH]cnc34)c2)c1,c1ccc(NCc2cnc(Nc3cccnc3)c(-c3ncnc4[nH]cnc34)c2)cc1,7.66
CHEMBL3643942,COc1ccc(NCc2cnc(Nc3ccc(OC)nc3)c(-c3nc(C)nc4[nH]cnc34)c2)cc1,c1ccc(NCc2cnc(Nc3cccnc3)c(-c3ncnc4[nH]cnc34)c2)cc1,7.46
CHEMBL3646430,COc1ccc(Nc2ncc(CNc3ccccc3)cc2-c2nc(C)nc3[nH]cnc23)cn1,c1ccc(NCc2cnc(Nc3cccnc3)c(-c3ncnc4[nH]cnc34)c2)cc1,7.35
CHEMBL3646445,COc1ccc(Nc2ncc(N3CCN(S(C)(=O)=O)CC3)cc2-c2nc(C)nc3[nH]cnc23)cn1,c1cncc(Nc2ncc(N3CCNCC3)cc2-c2ncnc3[nH]cnc23)c1,7.64
CHEMBL3681107,Cn1c(=O)n(C2CCC(O)CC2)c2c3nc(-c4cc[nH]n4)ccc3ncc21,O=c1[nH]c2cnc3ccc(-c4cc[nH]n4)nc3c2n1C1CCCCC1,7.63
CHEMBL3698346,Cc1c(-c2ccccc2F)nc2cccc(F)c2c1N1CCS(=O)(=O)c2ccc(N3CCOCC3)cc21,O=S1(=O)CCN(c2cc(-c3ccccc3)nc3ccccc23)c2cc(N3CCOCC3)ccc21,7.63
CHEMBL1773572,CC(=O)Nc1nc2ccc(-c3ccnc(NC(C)(C)c4ccccc4)n3)cc2s1,c1ccc(CNc2nccc(-c3ccc4ncsc4c3)n2)cc1,7.62
CHEMBL1773588,CC(=O)Nc1nc2ccc(-c3ccnc(NCc4ccccc4)n3)cc2s1,c1ccc(CNc2nccc(-c3ccc4ncsc4c3)n2)cc1,7.07
CHEMBL3646429,COc1ccc(Nc2ncc(CNc3ccccn3)cc2-c2nc(C)nc3[nH]cnc23)cn1,c1ccc(NCc2cnc(Nc3cccnc3)c(-c3ncnc4[nH]cnc34)c2)nc1,7.6
CHEMBL2165270,Cc1nc(N)cc(-c2cccnc2Nc2cccc(O)c2)n1,c1ccc(Nc2ncccc2-c2ccncn2)cc1,7.6
CHEMBL2171920,Cc1c(-c2cccnc2)nc2cc(F)ccc2c1N1CC(C)(C)c2ccc(N3CCOCC3)cc21,c1cncc(-c2cc(N3CCc4ccc(N5CCOCC5)cc43)c3ccccc3n2)c1,7.57
CHEMBL3698345,COc1cc2nc(C)c(C)c(N3CCS(=O)(=O)c4ccc(N5CCOCC5)cc43)c2cc1Cl,O=S1(=O)CCN(c2ccnc3ccccc23)c2cc(N3CCOCC3)ccc21,7.55
CHEMBL3701662,Cc1c(-c2cc(F)cc(F)c2)nc2cnccc2c1N1CC2(CCOCC2)c2ncc(N3CCOCC3)cc21,c1ccc(-c2cc(N3CC4(CCOCC4)c4ncc(N5CCOCC5)cc43)c3ccncc3n2)cc1,7.55
CHEMBL3681128,Cn1c(=O)n(C2CCOCC2)c2c3nc(-c4cc[nH]n4)ccc3ncc21,O=c1[nH]c2cnc3ccc(-c4cc[nH]n4)nc3c2n1C1CCOCC1,7.55
CHEMBL3698294,Cc1c(-c2ccccn2)nc2cc(F)ccc2c1N1CC(C)(C)c2ncc(-c3ncnc4nc[nH]c34)cc21,c1ccc(-c2cc(N3CCc4ncc(-c5ncnc6nc[nH]c56)cc43)c3ccccc3n2)nc1,7.54
CHEMBL3681161,CC(CO)n1c(=O)n(C)c2cnc3ccc(-c4cccc5[nH]ccc45)nc3c21,O=c1[nH]c2cnc3ccc(-c4cccc5[nH]ccc45)nc3c2[nH]1,7.53
CHEMBL2071333,CC(=O)Nc1nc(C)c(-c2ccc(-n3cccn3)cc2)s1,c1cnn(-c2ccc(-c3cncs3)cc2)c1,7.52
CHEMBL2171918,Cc1c(-c2ccccn2)nc2cc(F)ccc2c1N1CC(C)(C)c2ccc(N3CCOCC3)cc21,c1ccc(-c2cc(N3CCc4ccc(N5CCOCC5)cc43)c3ccccc3n2)nc1,7.52
CHEMBL2171925,Cc1c(-c2ccccn2)nc2cc(F)ccc2c1N1CC(CO)(CO)c2ccc(N3CCOCC3)cc21,c1ccc(-c2cc(N3CCc4ccc(N5CCOCC5)cc43)c3ccccc3n2)nc1,7.09
CHEMBL3698286,Cc1c(-c2ccccn2)nc2c(F)cccc2c1N1CC(C)(C)c2ccc(N3CCOCC3)cc21,c1ccc(-c2cc(N3CCc4ccc(N5CCOCC5)cc43)c3ccccc3n2)nc1,7.03
CHEMBL2171919,Cc1c(-c2ccccn2)nc2cccc(F)c2c1N1CC(C)(C)c2ccc(N3CCOCC3)cc21,c1ccc(-c2cc(N3CCc4ccc(N5CCOCC5)cc43)c3ccccc3n2)nc1,6.81
CHEMBL3701661,Cc1c(-c2ccccn2)nc2cnccc2c1N1CC2(CCOCC2)c2ncc(N3CCOCC3)cc21,c1ccc(-c2cc(N3CC4(CCOCC4)c4ncc(N5CCOCC5)cc43)c3ccncc3n2)nc1,7.51
CHEMBL3646576,COc1ncc(Nc2ncc(C(C)(C)O)nc2-c2cc(N)nc(C)n2)cc1F,c1cncc(Nc2nccnc2-c2ccncn2)c1,7.51
CHEMBL2165021,COc1ccc(Nc2nccnc2-c2cc(N)nc(C)n2)cn1,c1cncc(Nc2nccnc2-c2ccncn2)c1,7.13
CHEMBL3646577,COc1ccc(Nc2ncc(C(C)=O)nc2-c2cc(N)nc(C)n2)cn1,c1cncc(Nc2nccnc2-c2ccncn2)c1,6.99
CHEMBL3646597,Cc1nc(N)cc(-c2nccnc2Nc2cnc(Cl)c(NS(C)(=O)=O)c2)n1,c1cncc(Nc2nccnc2-c2ccncn2)c1,6.59
CHEMBL1773568,CC(=O)Nc1nc2ccc(-c3ccnc(OCCCc4ccccc4)n3)cc2s1,c1ccc(CCCOc2nccc(-c3ccc4ncsc4c3)n2)cc1,7.49
CHEMBL2165003,COc1ccc(Nc2ncc(CN3CCCN(S(C)(=O)=O)CC3)cc2-c2nc(C)nc(N)n2)cn1,c1cncc(Nc2ncc(CN3CCCNCC3)cc2-c2ncncn2)c1,7.48
CHEMBL3643937,Cc1nc(-c2cc(CO)cnc2Nc2cccc3[nH]ncc23)c2nc[nH]c2n1,c1cnc(Nc2cccc3[nH]ncc23)c(-c2ncnc3[nH]cnc23)c1,7.48
CHEMBL2165037,Cc1nc(-c2cccnc2Nc2cccc3[nH]ncc23)c2nc[nH]c2n1,c1cnc(Nc2cccc3[nH]ncc23)c(-c2ncnc3[nH]cnc23)c1,7.43
CHEMBL3643933,Cc1nc(-c2cc(Br)cnc2Nc2cccc3[nH]ncc23)c2nc[nH]c2n1,c1cnc(Nc2cccc3[nH]ncc23)c(-c2ncnc3[nH]cnc23)c1,7.3
CHEMBL3643934,Cc1nc(-c2cc(C(F)(F)F)cnc2Nc2cccc3[nH]ncc23)c2nc[nH]c2n1,c1cnc(Nc2cccc3[nH]ncc23)c(-c2ncnc3[nH]cnc23)c1,6.92
CHEMBL3643932,Cc1nc(-c2cc(Cl)cnc2Nc2cccc3[nH]ncc23)c2nc[nH]c2n1,c1cnc(Nc2cccc3[nH]ncc23)c(-c2ncnc3[nH]cnc23)c1,6.14
CHEMBL3646427,COc1ccc(Nc2ncc(CNc3cccnn3)cc2-c2nc(C)nc3[nH]cnc23)cn1,c1cncc(Nc2ncc(CNc3cccnn3)cc2-c2ncnc3[nH]cnc23)c1,7.48
CHEMBL3646489,COc1ccc(Nc2ncc(CN3CCOCC3=O)cc2-c2nc(C)nc(N)n2)cn1,O=C1COCCN1Cc1cnc(Nc2cccnc2)c(-c2ncncn2)c1,7.48
CHEMBL3643927,Cc1cnc(Nc2cccc3[nH]ncc23)c(-c2nc(C)nc(N)n2)c1,c1cnc(Nc2cccc3[nH]ncc23)c(-c2ncncn2)c1,7.44
CHEMBL2165053,Cc1nc(N)nc(-c2cccnc2Nc2cccc3[nH]ncc23)n1,c1cnc(Nc2cccc3[nH]ncc23)c(-c2ncncn2)c1,7.33
CHEMBL3646457,COc1ccc(Nc2nc3ccccc3cc2-c2nc(C)nc3[nH]cnc23)cn1,c1cncc(Nc2nc3ccccc3cc2-c2ncnc3[nH]cnc23)c1,7.42
CHEMBL1773582,CC(=O)Nc1nc2ccc(-c3ccnc(N(C)S(=O)(=O)c4ccc(C)cc4)n3)cc2s1,O=S(=O)(Nc1nccc(-c2ccc3ncsc3c2)n1)c1ccccc1,7.42
CHEMBL1773577,CC(=O)Nc1nc2ccc(-c3ccnc(NS(=O)(=O)c4ccccc4F)n3)cc2s1,O=S(=O)(Nc1nccc(-c2ccc3ncsc3c2)n1)c1ccccc1,7.39
CHEMBL1773576,CCN(c1nccc(-c2ccc3nc(NC(C)=O)sc3c2)n1)S(=O)(=O)c1ccc(OC)cc1,O=S(=O)(Nc1nccc(-c2ccc3ncsc3c2)n1)c1ccccc1,7.21
CHEMBL1773578,CC(=O)Nc1nc2ccc(-c3ccnc(N(C)S(=O)(=O)c4ccccc4F)n3)cc2s1,O=S(=O)(Nc1nccc(-c2ccc3ncsc3c2)n1)c1ccccc1,7.19
CHEMBL1773575,COc1ccc(S(=O)(=O)N(C)c2nccc(-c3ccc4nc(NC(C)=O)sc4c3)n2)cc1,O=S(=O)(Nc1nccc(-c2ccc3ncsc3c2)n1)c1ccccc1,7.12
CHEMBL1773581,CC(=O)Nc1nc2ccc(-c3ccnc(NS(=O)(=O)c4ccc(C)cc4)n3)cc2s1,O=S(=O)(Nc1nccc(-c2ccc3ncsc3c2)n1)c1ccccc1,7.09
CHEMBL1773579,CC(=O)Nc1nc2ccc(-c3ccnc(NS(=O)(=O)c4cccc(F)c4)n3)cc2s1,O=S(=O)(Nc1nccc(-c2ccc3ncsc3c2)n1)c1ccccc1,7.08
CHEMBL1773574,COc1ccc(S(=O)(=O)Nc2nccc(-c3ccc4nc(NC(C)=O)sc4c3)n2)cc1,O=S(=O)(Nc1nccc(-c2ccc3ncsc3c2)n1)c1ccccc1,6.93
CHEMBL1773580,CC(=O)Nc1nc2ccc(-c3ccnc(NS(=O)(=O)c4ccc(F)cc4)n3)cc2s1,O=S(=O)(Nc1nccc(-c2ccc3ncsc3c2)n1)c1ccccc1,6.08
CHEMBL1914717,O=S(=O)(Nc1cc(-c2ccc3nnccc3c2)cnc1Cl)c1ccc(F)cc1,O=S(=O)(Nc1cncc(-c2ccc3nnccc3c2)c1)c1ccccc1,7.42
CHEMBL2165031,COc1ccc(Nc2ncc(N3CCN(C)CC3)cc2-c2nc(C)nc(N)n2)cn1,c1cncc(Nc2ncc(N3CCNCC3)cc2-c2ncncn2)c1,7.41
CHEMBL3646476,COc1ccc(Nc2ncc(CNCc3ccncc3)cc2-c2nc(C)nc3[nH]cnc23)cn1,c1cncc(Nc2ncc(CNCc3ccncc3)cc2-c2ncnc3[nH]cnc23)c1,7.4
CHEMBL3646531,COc1ccc(Nc2ncc(N3CCC(CO)C3)cc2-c2nc(C)nc3[nH]cnc23)cn1,c1cncc(Nc2ncc(N3CCCC3)cc2-c2ncnc3[nH]cnc23)c1,7.4
CHEMBL3646541,COc1ccc(Nc2ncc(CN3CCn4ncnc4C3)cc2-c2nc(C)nc(N)n2)cn1,c1cncc(Nc2ncc(CN3CCn4ncnc4C3)cc2-c2ncncn2)c1,7.39
CHEMBL3646428,COc1ccc(Nc2ncc(CNc3ccncc3)cc2-c2nc(C)nc3[nH]cnc23)cn1,c1cncc(Nc2ncc(CNc3ccncc3)cc2-c2ncnc3[nH]cnc23)c1,7.38
CHEMBL3618236,Cc1nc(N)nc(-c2c(Nc3ccc4cccnc4c3)nc3ccccn23)n1,c1cnc2cc(Nc3nc4ccccn4c3-c3ncncn3)ccc2c1,7.37
CHEMBL3646547,Cc1nc(N)nc(-c2cc(CN3CCN(S(C)(=O)=O)CC3)cnc2Nc2ccc3ncsc3c2)n1,c1ncnc(-c2cc(CN3CCNCC3)cnc2Nc2ccc3ncsc3c2)n1,7.37
CHEMBL3698340,Cc1nc2c(C)cccc2c(N2CC(C)(C)c3ccc(N4CCOCC4)cc32)c1C,c1ccc2c(N3CCc4ccc(N5CCOCC5)cc43)ccnc2c1,7.36
CHEMBL3698341,Cc1nc2c(Cl)cccc2c(N2CC(C)(C)c3ccc(N4CCOCC4)cc32)c1C,c1ccc2c(N3CCc4ccc(N5CCOCC5)cc43)ccnc2c1,7.3
CHEMBL3698315,COc1cc2nc(C)c(C)c(N3CC(C)(C)c4ccc(N5CCOCC5)cc43)c2cc1Cl,c1ccc2c(N3CCc4ccc(N5CCOCC5)cc43)ccnc2c1,6.71
CHEMBL2171932,Cc1nc2ccccc2c(N2CC(C)(C)c3ccc(N4CCOCC4)cc32)c1C,c1ccc2c(N3CCc4ccc(N5CCOCC5)cc43)ccnc2c1,6.44
CHEMBL3698342,Cc1nc2c(C(F)(F)F)cccc2c(N2CC(C)(C)c3ccc(N4CCOCC4)cc32)c1C,c1ccc2c(N3CCc4ccc(N5CCOCC5)cc43)ccnc2c1,6.29
CHEMBL3698339,Cc1nc2c(C)cc(Cl)cc2c(N2CC(C)(C)c3ccc(N4CCOCC4)cc32)c1C,c1ccc2c(N3CCc4ccc(N5CCOCC5)cc43)ccnc2c1,6.21
CHEMBL3698316,COc1cc2nc(C)c(C)c(N3CC(C)(C)c4ccc(N5CCOCC5)cc43)c2cc1C,c1ccc2c(N3CCc4ccc(N5CCOCC5)cc43)ccnc2c1,6.21
CHEMBL2171933,Cc1nc2ccc(Cl)cc2c(N2CC(C)(C)c3ccc(N4CCOCC4)cc32)c1C,c1ccc2c(N3CCc4ccc(N5CCOCC5)cc43)ccnc2c1,6.2
CHEMBL3698338,Cc1cnc2ccccc2c1N1CC(C)(C)c2ccc(N3CCOCC3)cc21,c1ccc2c(N3CCc4ccc(N5CCOCC5)cc43)ccnc2c1,6.18
CHEMBL3698327,Cc1c(C(F)(F)F)nc2ccc(Cl)cc2c1N1CC(C)(C)c2ccc(N3CCOCC3)cc21,c1ccc2c(N3CCc4ccc(N5CCOCC5)cc43)ccnc2c1,6.01
CHEMBL3646506,COc1ncc(Nc2ncc(C(=O)N3CCC(O)CC3)cc2-c2nc(C)nc(N)n2)cc1F,O=C(c1cnc(Nc2cccnc2)c(-c2ncncn2)c1)N1CCCCC1,7.36
CHEMBL3646545,COc1ccc(Nc2nc3ccccc3cc2-c2nc(C)nc(N)n2)cn1,c1cncc(Nc2nc3ccccc3cc2-c2ncncn2)c1,7.35
CHEMBL3646580,Cc1nc(N)nc(-c2cc(C(C)N3CCOCC3)cnc2Nc2ccc3scnc3c2)n1,c1ncnc(-c2cc(CN3CCOCC3)cnc2Nc2ccc3scnc3c2)n1,7.35
CHEMBL3646469,Cc1nc(N)nc(-c2cc(CN3CCOCC3)cnc2Nc2ccc3scnc3c2)n1,c1ncnc(-c2cc(CN3CCOCC3)cnc2Nc2ccc3scnc3c2)n1,7.0
CHEMBL3646631,COc1ncc(Nc2ncc(CN3CCN(C(=O)N(C)C4CC4)CC3)cc2-c2nc(C)nc(N)n2)cc1F,O=C(NC1CC1)N1CCN(Cc2cnc(Nc3cccnc3)c(-c3ncncn3)c2)CC1,7.35
CHEMBL1773584,CC(=O)Nc1nc2ccc(-c3ccnc(SCc4ccccc4)n3)cc2s1,c1ccc(CSc2nccc(-c3ccc4ncsc4c3)n2)cc1,7.33
CHEMBL1773601,COc1ccc(S(=O)(=O)Nc2cccc(-c3ccc4nc(NC(C)=O)sc4c3)c2)cc1,O=S(=O)(Nc1cccc(-c2ccc3ncsc3c2)c1)c1ccccc1,7.32
CHEMBL3646477,COc1ccc(Nc2ncc(CNCc3cccnc3)cc2-c2nc(C)nc3[nH]cnc23)cn1,c1cncc(CNCc2cnc(Nc3cccnc3)c(-c3ncnc4[nH]cnc34)c2)c1,7.32
CHEMBL1822213,O=S(=O)(Nc1cc(-c2ccc3nncn3c2)cnc1Cl)c1ccc(F)cc1,O=S(=O)(Nc1cncc(-c2ccc3nncn3c2)c1)c1ccccc1,7.29
CHEMBL3646462,COc1ccc(Nc2nc(N3CCCC3)ncc2-c2nc(C)nc(N)n2)cn1,c1cncc(Nc2nc(N3CCCC3)ncc2-c2ncncn2)c1,7.29
CHEMBL1615188,CSc1nccc(-c2ccc3nc(NC(C)=O)sc3c2)n1,c1cc(-c2ccc3ncsc3c2)ncn1,7.28
CHEMBL1773571,COCCCOc1nccc(-c2ccc3nc(NC(C)=O)sc3c2)n1,c1cc(-c2ccc3ncsc3c2)ncn1,6.48
CHEMBL3701688,Cc1ccnc(-c2nc3cnccc3c(N3CC(C)(C)c4ncc(N5CCOCC5)cc43)c2C)c1,c1ccc(-c2cc(N3CCc4ncc(N5CCOCC5)cc43)c3ccncc3n2)nc1,7.28
CHEMBL3618235,Cc1nc(N)nc(-c2c(Nc3ccc4ccncc4c3)nc3ccccn23)n1,c1ccn2c(-c3ncncn3)c(Nc3ccc4ccncc4c3)nc2c1,7.27
CHEMBL3646475,COc1ccc(Nc2ncc(CNCc3ccccn3)cc2-c2nc(C)nc3[nH]cnc23)cn1,c1ccc(CNCc2cnc(Nc3cccnc3)c(-c3ncnc4[nH]cnc34)c2)nc1,7.27
CHEMBL3643925,Cc1nc(N)nc(-c2cc(CN3CCN(S(C)(=O)=O)CC3)cnc2Nc2ccc3ncoc3c2)n1,c1ncnc(-c2cc(CN3CCNCC3)cnc2Nc2ccc3ncoc3c2)n1,7.26
CHEMBL3698292,COCCN(C)c1cnc2c(c1)N(c1c(C)c(-c3ccccn3)nc3cc(F)ccc13)CC2(C)C,c1ccc(-c2cc(N3CCc4ncccc43)c3ccccc3n2)nc1,7.25
CHEMBL3698295,Cc1c(-c2ccccn2)nc2cc(F)ccc2c1N1CC(C)(C)c2ncc(C(N)=O)cc21,c1ccc(-c2cc(N3CCc4ncccc43)c3ccccc3n2)nc1,6.31
CHEMBL3646438,COc1ccc(Nc2ncc(NCc3ccccc3)cc2-c2nc(C)nc3[nH]cnc23)cn1,c1ccc(CNc2cnc(Nc3cccnc3)c(-c3ncnc4[nH]cnc34)c2)cc1,7.24
CHEMBL3639453,COc1ccc(CNc2cnc(Nc3ccc(OC)nc3)c(-c3nc(C)nc4[nH]cnc34)c2)cc1,c1ccc(CNc2cnc(Nc3cccnc3)c(-c3ncnc4[nH]cnc34)c2)cc1,7.11
CHEMBL3681158,CC(CO)n1c(=O)n(C)c2cnc3ccc(-c4cnc5ccccc5c4)nc3c21,O=c1[nH]c2cnc3ccc(-c4cnc5ccccc5c4)nc3c2[nH]1,7.24
CHEMBL3358286,Cc1nc(N)nc(-c2cc(C(C)(C)O)cnc2Nc2cncc(S(=O)(=O)c3ccccc3)c2)n1,O=S(=O)(c1ccccc1)c1cncc(Nc2ncccc2-c2ncncn2)c1,7.24
CHEMBL3681062,Cn1cc(-c2ccc3ncc4[nH]c(=O)n(-c5ccc(C(C)(C)C#N)cc5)c4c3n2)cn1,O=c1[nH]c2cnc3ccc(-c4cn[nH]c4)nc3c2n1-c1ccccc1,7.23
CHEMBL3681063,Cn1cc(-c2ccc3ncc4c(c3n2)n(-c2ccc(C(C)(C)C#N)cc2)c(=O)n4C)cn1,O=c1[nH]c2cnc3ccc(-c4cn[nH]c4)nc3c2n1-c1ccccc1,7.14
CHEMBL3646554,COc1ccc(Nc2ncc(-c3ccnnc3)cc2-c2nc(C)nc(N)n2)cn1,c1cncc(Nc2ncc(-c3ccnnc3)cc2-c2ncncn2)c1,7.22
CHEMBL3643935,COc1ncc(Nc2ncccc2-c2nc(C)nc3[nH]cnc23)cn1,c1cnc(Nc2cncnc2)c(-c2ncnc3[nH]cnc23)c1,7.21
CHEMBL3646505,COc1ncc(Nc2nc(-c3ccncc3)ccc2-c2nc(C)nc(N)n2)cc1F,c1cncc(Nc2nc(-c3ccncc3)ccc2-c2ncncn2)c1,7.2
CHEMBL3646486,COc1ccc(Nc2ncc(C(=O)N3CCOCC3)cc2-c2nc(C)nc(N)n2)cn1,O=C(c1cnc(Nc2cccnc2)c(-c2ncncn2)c1)N1CCOCC1,7.19
CHEMBL3701657,Cc1c(-c2ccccn2)nc2ncccc2c1N1CC2(CCOCC2)c2ncc(N3CCOCC3)cc21,c1ccc(-c2cc(N3CC4(CCOCC4)c4ncc(N5CCOCC5)cc43)c3cccnc3n2)nc1,7.18
CHEMBL3356901,COc1cncc(-c2ccc3nc(NC(=O)NCCc4cncn4C)sc3c2)c1,O=C(NCCc1cnc[nH]1)Nc1nc2ccc(-c3cccnc3)cc2s1,7.17
CHEMBL3646539,COc1ccc(Nc2ncc(CN3CC4(C3)NC(=O)NC4=O)cc2-c2nc(C)nc(N)n2)cn1,O=C1NC(=O)C2(CN(Cc3cnc(Nc4cccnc4)c(-c4ncncn4)c3)C2)N1,7.17
CHEMBL3646613,Cc1nc(N)nc(-c2cc(CN3CCN(S(C)(=O)=O)CC3)cnc2Nc2ccc3ccncc3c2)n1,c1cc2ccc(Nc3ncc(CN4CCNCC4)cc3-c3ncncn3)cc2cn1,7.17
CHEMBL3698330,Cc1nc2ccc(Cl)cc2c(N2CC3(CCOCC3)c3ccc(N4CCOCC4)cc32)c1C,c1ccc2c(N3CC4(CCOCC4)c4ccc(N5CCOCC5)cc43)ccnc2c1,7.14
CHEMBL3698333,Cc1nc2c(C)cccc2c(N2CC3(CCOCC3)c3ccc(N4CCOCC4)cc32)c1C,c1ccc2c(N3CC4(CCOCC4)c4ccc(N5CCOCC5)cc43)ccnc2c1,6.92
CHEMBL2171921,Cc1nc2ccccc2c(N2CC3(CCOCC3)c3ccc(N4CCOCC4)cc32)c1C,c1ccc2c(N3CC4(CCOCC4)c4ccc(N5CCOCC5)cc43)ccnc2c1,6.35
CHEMBL2165005,COc1ccc(Nc2ncc(CN3CCS(=O)(=O)CC3)cc2-c2nc(C)nc(N)n2)cn1,O=S1(=O)CCN(Cc2cnc(Nc3cccnc3)c(-c3ncncn3)c2)CC1,7.14
CHEMBL3698314,Cc1c(N2CCCCC2)nc2cc(F)cc(F)c2c1N1CC(C)(C)c2ccc(N3CCOCC3)cc21,c1ccc2c(N3CCc4ccc(N5CCOCC5)cc43)cc(N3CCCCC3)nc2c1,7.13
CHEMBL1822214,O=S(=O)(Nc1cc(-c2ccc3sncc3c2)cnc1Cl)c1ccc(F)cc1,O=S(=O)(Nc1cncc(-c2ccc3sncc3c2)c1)c1ccccc1,7.12
CHEMBL3698360,Cc1c(C=Cc2ccccc2)nc2cc(F)cc(F)c2c1N1CC(C)(C)c2ncc(N3CCOCC3)cc21,C(=Cc1cc(N2CCc3ncc(N4CCOCC4)cc32)c2ccccc2n1)c1ccccc1,7.05
CHEMBL3646528,COc1ccc(Nc2ncc(CN3CCSCC3)cc2-c2nc(C)nc(N)n2)cn1,c1cncc(Nc2ncc(CN3CCSCC3)cc2-c2ncncn2)c1,7.03
CHEMBL3698293,Cc1c(-c2ccccn2)nc2cc(F)ccc2c1N1CC(C)(C)c2ncc(-c3cn[nH]c3)cc21,c1ccc(-c2cc(N3CCc4ncc(-c5cn[nH]c5)cc43)c3ccccc3n2)nc1,7.02
CHEMBL3646460,COc1ccc(Nc2nc(N3CCOCC3)ncc2-c2nc(C)nc(N)n2)cn1,c1cncc(Nc2nc(N3CCOCC3)ncc2-c2ncncn2)c1,7.01
CHEMBL3646456,Cc1nc(N)cc(-c2nccnc2Nc2cccc3[nH]ncc23)n1,c1cc(Nc2nccnc2-c2ccncn2)c2cn[nH]c2c1,7.01
CHEMBL3646463,COc1ccc(Nc2nc(N3CCCCC3)ncc2-c2nc(C)nc(N)n2)cn1,c1cncc(Nc2nc(N3CCCCC3)ncc2-c2ncncn2)c1,6.99
CHEMBL1773585,CC(=O)Nc1nc2ccc(-c3ccnc(Oc4ccccc4)n3)cc2s1,c1ccc(Oc2nccc(-c3ccc4ncsc4c3)n2)cc1,6.99
CHEMBL3646443,COc1ccc(Nc2ncc(N3CCOCC3)cc2-c2nc(C)nc3[nH]cnc23)cn1,c1cncc(Nc2ncc(N3CCOCC3)cc2-c2ncnc3[nH]cnc23)c1,6.97
CHEMBL2071340,Cc1cc(NC(=O)CCNC(=O)Nc2nc(C)c(-c3ccc(S(C)(=O)=O)c(F)c3)s2)no1,O=C(CCNC(=O)Nc1ncc(-c2ccccc2)s1)Nc1ccon1,6.96
CHEMBL2171939,CCc1nc2ccccc2n1-c1nc(N2CCOCC2)c2nc(CN3CCN(C(C)(C)C(N)=O)CC3)n(C)c2n1,c1ccc2c(c1)ncn2-c1nc(N2CCOCC2)c2nc(CN3CCNCC3)[nH]c2n1,6.96
CHEMBL3698337,CC1(C)CN(c2c3c(nc4ccc(Cl)cc24)C(C)(C)CC3)c2cc(N3CCOCC3)ccc21,c1ccc2c(N3CCc4ccc(N5CCOCC5)cc43)c3c(nc2c1)CCC3,6.95
CHEMBL3698335,CC1(C)CN(c2c3c(nc4ccc(Cl)cc24)CCC3)c2cc(N3CCOCC3)ccc21,c1ccc2c(N3CCc4ccc(N5CCOCC5)cc43)c3c(nc2c1)CCC3,6.11
CHEMBL1773567,CC(=O)Nc1nc2ccc(-c3ccnc(OCCCc4cccnc4)n3)cc2s1,c1cncc(CCCOc2nccc(-c3ccc4ncsc4c3)n2)c1,6.95
CHEMBL1773566,CC(=O)Nc1nc2ccc(-c3ccnc(OCCCc4ccncc4)n3)cc2s1,c1cc(CCCOc2nccc(-c3ccc4ncsc4c3)n2)ccn1,6.94
CHEMBL428496,COCC1OC(=O)c2coc3c2C1(C)C1=C(C3=O)C2CCC(=O)C2(C)CC1OC(C)=O,O=C1OCC2C3=C(C(=O)c4occ1c42)C1CCC(=O)C1CC3,6.92
CHEMBL3646508,Cc1nc(N)cc(-c2nc3ccccc3nc2Nc2cccc3[nH]ncc23)n1,c1ccc2nc(-c3ccncn3)c(Nc3cccc4[nH]ncc34)nc2c1,6.91
CHEMBL1773565,CC(=O)Nc1nc2ccc(-c3ccnc(OCc4ccncc4)n3)cc2s1,c1cc(COc2nccc(-c3ccc4ncsc4c3)n2)ccn1,6.89
CHEMBL3643926,Cc1cnc(Nc2cccc3[nH]ccc23)c(-c2nc(C)nc(N)n2)c1,c1cnc(Nc2cccc3[nH]ccc23)c(-c2ncncn2)c1,6.89
CHEMBL2165268,Cc1nc(N)nc(-c2cccnc2Nc2cccc3[nH]ccc23)n1,c1cnc(Nc2cccc3[nH]ccc23)c(-c2ncncn2)c1,6.72
CHEMBL2165271,Cc1nc(N)cc(-c2cccnc2Nc2cccc3[nH]ncc23)n1,c1cnc(Nc2cccc3[nH]ncc23)c(-c2ccncn2)c1,6.87
CHEMBL2165035,Cc1nc(N)c(F)c(-c2cccnc2Nc2cccc3[nH]ncc23)n1,c1cnc(Nc2cccc3[nH]ncc23)c(-c2ccncn2)c1,6.07
CHEMBL3646466,COc1ccc(Nc2nc(NC3CCCC3)ncc2-c2nc(C)nc(N)n2)cn1,c1cncc(Nc2nc(NC3CCCC3)ncc2-c2ncncn2)c1,6.84
CHEMBL3646529,COc1ccc(Nc2ncc(CN3CC[S+]([O-])CC3)cc2-c2nc(C)nc(N)n2)cn1,c1cncc(Nc2ncc(CN3CC[SH+]CC3)cc2-c2ncncn2)c1,6.83
CHEMBL1773569,CC(=O)Nc1nc2ccc(-c3ccnc(OCCCN4CCOCC4)n3)cc2s1,c1cc(-c2ccc3ncsc3c2)nc(OCCCN2CCOCC2)n1,6.83
CHEMBL1986603,Cc1cc(NC(=O)CCNC(=O)Nc2nc(C)c(-c3ccc(-n4cccn4)cc3)s2)no1,O=C(CCNC(=O)Nc1ncc(-c2ccc(-n3cccn3)cc2)s1)Nc1ccon1,6.82
CHEMBL3698329,Cc1nc2ccc(Cl)cc2c(-n2ccc3c(C#N)cc(N4CCOCC4)cc32)c1C,c1ccc2c(-n3ccc4ccc(N5CCOCC5)cc43)ccnc2c1,6.82
CHEMBL3701690,Cc1c(C2CC2)nc2ncccc2c1N1CC(C)(C)c2ncc(N3CCOCC3)cc21,c1cnc2nc(C3CC3)cc(N3CCc4ncc(N5CCOCC5)cc43)c2c1,6.81
CHEMBL3698301,Cc1c(-c2cccc(=O)[nH]2)nc2cc(F)ccc2c1N1CC2(CCOCC2)c2ccc(N3CCOCC3)cc21,O=c1cccc(-c2cc(N3CC4(CCOCC4)c4ccc(N5CCOCC5)cc43)c3ccccc3n2)[nH]1,6.81
CHEMBL2414295,CCc1nc2ccccc2n1-c1nc(N2CCOCC2)c2sc(C(=O)N3CCN(C(C)(C)C(N)=O)CC3)c(C)c2n1,O=C(c1cc2nc(-n3cnc4ccccc43)nc(N3CCOCC3)c2s1)N1CCNCC1,6.8
CHEMBL3646548,Cc1nc(N)nc(-c2cc(CN3CCN(S(C)(=O)=O)CC3)cnc2Nc2cn[nH]c2)n1,c1ncnc(-c2cc(CN3CCNCC3)cnc2Nc2cn[nH]c2)n1,6.79
CHEMBL3646495,Cc1nc(N)nc(-c2cccnc2Nc2ccc3oc(C)nc3c2)n1,c1cnc(Nc2ccc3ocnc3c2)c(-c2ncncn2)c1,6.75
CHEMBL2165038,Cc1nc(-c2cccnc2Nc2cccc3[nH]ccc23)c2nc[nH]c2n1,c1cnc(Nc2cccc3[nH]ccc23)c(-c2ncnc3[nH]cnc23)c1,6.74
CHEMBL2418353,CCNC(=O)Nc1ccc(-c2nc(N3CCOCC3C)c3nc(C(C)(C)O)n(CCO)c3n2)cc1,c1ccc(-c2nc(N3CCOCC3)c3nc[nH]c3n2)cc1,6.72
CHEMBL2418337,CCNC(=O)Nc1ccc(-c2nc(N3CCOCC3C)c3ncn(C)c3n2)cc1,c1ccc(-c2nc(N3CCOCC3)c3nc[nH]c3n2)cc1,6.43
CHEMBL2418340,CCNC(=O)Nc1ccc(-c2nc(N3CCOCC3C)c3ncn(CC)c3n2)cc1,c1ccc(-c2nc(N3CCOCC3)c3nc[nH]c3n2)cc1,6.42
CHEMBL2418354,CCNC(=O)Nc1ccc(-c2nc(N3CCOCC3C)c3nc(C(C)(C)O)n(C)c3n2)cc1,c1ccc(-c2nc(N3CCOCC3)c3nc[nH]c3n2)cc1,6.41
CHEMBL3698353,Cc1c(-c2ccc3c(ccn3C)c2)nc2cc(F)cc(F)c2c1N1CC(C)(C)c2ncc(N3CCOCC3)cc21,c1ccc2c(N3CCc4ncc(N5CCOCC5)cc43)cc(-c3ccc4[nH]ccc4c3)nc2c1,6.71
CHEMBL1914713,O=S(=O)(Nc1cc(-c2cc3cccnc3cn2)cnc1Cl)c1ccc(F)cc1,O=S(=O)(Nc1cncc(-c2cc3cccnc3cn2)c1)c1ccccc1,6.7
CHEMBL3698352,Cc1c(-c2cccc3ccccc23)nc2cc(F)cc(F)c2c1N1CC(C)(C)c2ncc(N3CCOCC3)cc21,c1ccc2c(-c3cc(N4CCc5ncc(N6CCOCC6)cc54)c4ccccc4n3)cccc2c1,6.64
CHEMBL3698287,Cc1c(-c2ccncc2)nc2cc(F)ccc2c1N1CC2(CCOCC2)c2ccc(N3CCOCC3)cc21,c1ccc2c(N3CC4(CCOCC4)c4ccc(N5CCOCC5)cc43)cc(-c3ccncc3)nc2c1,6.63
CHEMBL2414294,CCc1nc2ccccc2n1-c1nc(N2CCOCC2)c2nc(C(=O)N3CCN(C(C)(C)C(N)=O)CC3)n(C)c2n1,O=C(c1nc2c(N3CCOCC3)nc(-n3cnc4ccccc43)nc2[nH]1)N1CCNCC1,6.63
CHEMBL3646455,COc1ccc(Nc2ccncc2-c2nc(C)nc3[nH]cnc23)cn1,c1cncc(Nc2ccncc2-c2ncnc3[nH]cnc23)c1,6.6
CHEMBL3646454,Cc1nc(-c2cnccc2Nc2cccc3[nH]ncc23)c2nc[nH]c2n1,c1cc(Nc2ccncc2-c2ncnc3[nH]cnc23)c2cn[nH]c2c1,6.58
CHEMBL3646525,COc1ncc(Nc2nc(CN3CCOCC3)ccc2-c2nc(C)nc(N)n2)cc1F,c1cncc(Nc2nc(CN3CCOCC3)ccc2-c2ncncn2)c1,6.56
CHEMBL3646464,COc1ccc(Nc2nc(-c3ccncc3)ncc2-c2nc(C)nc(N)n2)cn1,c1cncc(Nc2nc(-c3ccncc3)ncc2-c2ncncn2)c1,6.55
CHEMBL3701643,Cc1c(-c2ccccn2)nc2cc(F)ccc2c1N1CC2(CCOCC2)c2ncc(-c3cn[nH]c3)cc21,c1ccc(-c2cc(N3CC4(CCOCC4)c4ncc(-c5cn[nH]c5)cc43)c3ccccc3n2)nc1,6.49
CHEMBL3646510,Cc1nc(-c2cccnc2Nc2ccc(NC(=O)C3CC3)cc2)c2nc[nH]c2n1,O=C(Nc1ccc(Nc2ncccc2-c2ncnc3[nH]cnc23)cc1)C1CC1,6.46
CHEMBL3698358,Cc1c(-c2ccccn2)nc2cc(F)ccc2c1N1CCOc2ccc(N3CCOCC3)cc21,c1ccc(-c2cc(N3CCOc4ccc(N5CCOCC5)cc43)c3ccccc3n2)nc1,6.45
CHEMBL3646452,Cc1nc(N)cc(-c2cnccc2Nc2cccc3[nH]ncc23)n1,c1cc(Nc2ccncc2-c2ccncn2)c2cn[nH]c2c1,6.44
CHEMBL1914711,O=S(=O)(Nc1cc(-c2ccc3cnccc3c2)cnc1Cl)c1ccc(F)cc1,O=S(=O)(Nc1cncc(-c2ccc3cnccc3c2)c1)c1ccccc1,6.43
CHEMBL3649447,O=S(=O)(Nc1cc(-c2cnc3ncccn23)cnc1Cl)c1ccc(F)cc1,O=S(=O)(Nc1cncc(-c2cnc3ncccn23)c1)c1ccccc1,6.42
CHEMBL2165050,COc1ccc(Nc2nccnc2-c2nc(C)nc(N)n2)cn1,c1cncc(Nc2nccnc2-c2ncncn2)c1,6.42
CHEMBL3643936,COc1ccc(COCc2cnc(Nc3cccc4[nH]ccc34)c(-c3nc(C)nc4[nH]cnc34)c2)cc1,c1ccc(COCc2cnc(Nc3cccc4[nH]ccc34)c(-c3ncnc4[nH]cnc34)c2)cc1,6.4
CHEMBL3646448,CC(=O)Nc1ccc(Nc2ncccc2-c2nc(C)nc3[nH]cnc23)cc1,c1ccc(Nc2ncccc2-c2ncnc3[nH]cnc23)cc1,6.34
CHEMBL3646509,CC(=O)Nc1ccc(Nc2ncccc2-c2nc(C)nc3[nH]cnc23)cc1Cl,c1ccc(Nc2ncccc2-c2ncnc3[nH]cnc23)cc1,6.12
CHEMBL2165046,COc1ccc(Nc2ccccc2-c2nc(C)nc(N)n2)cn1,c1cncc(Nc2ccccc2-c2ncncn2)c1,6.33
CHEMBL3649444,O=c1n(Cc2ccccc2)ccc2ncc(-c3cnc(Cl)c(NS(=O)(=O)c4ccc(F)cc4)c3)n12,O=c1n(Cc2ccccc2)ccc2ncc(-c3cncc(NS(=O)(=O)c4ccccc4)c3)n12,6.33
CHEMBL3646465,COc1ccc(Nc2nc(-c3ccc(F)cc3)ncc2-c2nc(C)nc(N)n2)cn1,c1ccc(-c2ncc(-c3ncncn3)c(Nc3cccnc3)n2)cc1,6.3
CHEMBL2063751,CCNC(=O)Nc1ccc(-c2nc3c(c(N4CCOCC4)n2)CS(=O)(=O)C3)cc1,O=S1(=O)Cc2nc(-c3ccccc3)nc(N3CCOCC3)c2C1,6.29
CHEMBL3618234,Cc1nc(N)nc(-c2c(Nc3ccc4ncccc4c3)nc3ccccn23)n1,c1cnc2ccc(Nc3nc4ccccn4c3-c3ncncn3)cc2c1,6.28
CHEMBL3698331,COc1cc2nc(C)c(C)c(N3CC4(CCOCC4)c4ccc(Br)cc43)c2cc1Cl,c1ccc2c(c1)N(c1ccnc3ccccc13)CC21CCOCC1,6.24
CHEMBL1773589,CC(=O)Nc1nc2ccc(-c3ccnc(Cc4ccccc4)n3)cc2s1,c1ccc(Cc2nccc(-c3ccc4ncsc4c3)n2)cc1,6.22
CHEMBL3646498,Cc1nc(N)nc(-c2cccnc2Nc2ccc3c(c2)OC(F)(F)O3)n1,c1cnc(Nc2ccc3c(c2)OCO3)c(-c2ncncn2)c1,6.21
CHEMBL3646501,Cc1ccc2cc(Nc3ncccc3-c3nc(C)nc(N)n3)ccc2n1,c1cnc(Nc2ccc3ncccc3c2)c(-c2ncncn2)c1,6.21
CHEMBL3646564,Cc1nc(N)nc(-c2cccnc2Nc2cc[nH]c(=O)c2)n1,O=c1cc(Nc2ncccc2-c2ncncn2)cc[nH]1,6.19
CHEMBL2165047,COc1ccc(Nc2cnccc2-c2nc(C)nc(N)n2)cn1,c1cncc(Nc2cnccc2-c2ncncn2)c1,6.11
CHEMBL3649430,COc1cc(-c2cnc3ccc(Br)cn23)cnc1OC,c1cncc(-c2cnc3ccccn23)c1,6.11
CHEMBL3401977,O=P(O)(O)CCC1C2CCC(CC2)C1Nc1nc(-c2c[nH]c3ncc(F)cc23)ncc1F,c1cnc2[nH]cc(-c3nccc(NC4CC5CCC4CC5)n3)c2c1,6.07
CHEMBL1914714,O=S(=O)(Nc1cc(-c2cnc3ncccc3c2)cnc1Cl)c1ccc(F)cc1,O=S(=O)(Nc1cncc(-c2cnc3ncccc3c2)c1)c1ccccc1,6.07
CHEMBL3401979,Oc1cc(C2C3CCC(CC3)C2Nc2nc(-c3c[nH]c4ncc(F)cc34)ncc2F)no1,c1cnc2[nH]cc(-c3nccc(NC4C5CCC(CC5)C4c4ccon4)n3)c2c1,6.06
CHEMBL3701659,Cc1c(-c2ccccn2)nc2ncccc2c1N1CCOc2ccc(N3CCOCC3)cc21,c1ccc(-c2cc(N3CCOc4ccc(N5CCOCC5)cc43)c3cccnc3n2)nc1,6.05
CHEMBL1773590,CC(=O)Nc1nc2ccc(-c3ccnc(CCc4ccccc4)n3)cc2s1,c1ccc(CCc2nccc(-c3ccc4ncsc4c3)n2)cc1,6.0
